Error,Pred-1,Pred-2,Pred-3,Correct,Greedy,Beam
অফীন,অপীন,অপীন,অপীন,অপীন,1,1
আবধ্,আবদ্,আবদ্,আবদ্,আবদ্,1,1
আভথা,আবথা,আবথা,আবথা,আবথা,1,1
অমণ্,অমন্,অমন্,অমন্,অমন্,1,1
অভগম,অবগম,অবগম,অবগম,অবগম,1,1
অভধ্,অবদ্,অবদ্,অবদ্,অবধ্,0,0
আণমন,আনমন,আনমন,আনমন,আনমন,1,1
আঁঝল,আঁজল,আঁজল,আঁজল,আঁজল,1,1
আফিল,আপিল,আপিল,আপিল,আপিল,1,1
অধ্র,অদ্র,অদ্র,অদ্র,অদ্র,1,1
আভলক,আবলক,আবলক,আবলক,আবলক,1,1
আপোত,আপোত,আপোত,আপোত,আফোত,0,0
অষতী,অসতী,অসতী,অসতী,অসতী,1,1
আ<unk>টন,আ<unk>টন,আ<unk>টন,আ<unk>টন,আ<unk>টন,1,1
অখেধ,অখেদ,অখেদ,অখেদ,অখেদ,1,1
অনভত,অনবত,অনবত,অনবত,অনবত,1,1
আণা<unk>,আনাই,আনাই,আনাই,আনা<unk>,0,0
আঁছে,আঁচে,আঁচে,আঁচে,আঁচে,1,1
আফেল,আপেল,আপেল,আপেল,আপেল,1,1
আ<unk>ুল,আইুল,আইুল,আইুল,আ<unk>ুল,0,0
আগধল,আগদল,আগদল,আগদল,আগদল,1,1
আফো<unk>,আপো<unk>,আপো<unk>,আপো<unk>,আপো<unk>,1,1
অবুজ,অবুজ,অবুজ,অবুজ,অবু<unk>,0,0
অশুধ,অশুদ,অশুদ,অশুদ,অষুধ,0,0
অহণ্,অহন্,অহন্,অহন্,অহন্,1,1
আভরে,আবরে,আবরে,আবরে,আবরে,1,1
আদভে,আদবে,আদবে,আদবে,আদবে,1,1
অংসে,অংশে,অংশে,অংশে,অংশে,1,1
আণেন,আনেন,আনেন,আনেন,আনেন,1,1
আণলো,আনলো,আনলো,আনলো,আনলো,1,1
অদিগ,অদিগ,অদিগ,অদিগ,অধিগ,0,0
আছেঈ,আছেই,আছেই,আছেই,আছেই,1,1
আদেষ,আদেশ,আদেশ,আদেশ,আদেশ,1,1
অঝোগ,অজোগ,অজোগ,অজোগ,অযোগ,0,0
অ<unk>ষ<unk>,অ<unk>শ<unk>,অ<unk>শ<unk>,অ<unk>শ<unk>,অ<unk>স<unk>,0,0
আটোফ,আটোপ,আটোপ,আটোপ,আটোপ,1,1
অধূর,অদূর,অদূর,অদূর,অদূর,1,1
আচনু,আচনু,আচনু,আচনু,আছনু,0,0
আ<unk>দি,আ<unk>দি,আ<unk>দি,আ<unk>দি,আ<unk>ধি,0,0
অফায়,অপায়,অপায়,অপায়,অপায়,1,1
আফনি,আপনি,আপনি,আপনি,আপনি,1,1
অসছ্,অশচ্,অশচ্,অশচ্,অসচ্,0,0
আণিহ,আনিহ,আনিহ,আনিহ,আনিহ,1,1
আণি<unk>,আনি<unk>,আনি<unk>,আনি<unk>,আনি<unk>,1,1
অধন্,অদন্,অদন্,অদন্,অদন্,1,1
অদহ্,অদহ্,অদহ্,অদহ্,অধহ্,0,0
অভধ্,অবদ্,অবদ্,অবদ্,অভদ্,0,0
আদুত,আদুত,আদুত,আদুত,আধুত,0,0
আভরী,আবরী,আবরী,আবরী,আবরী,1,1
অধান,অধান,অধান,অধান,অদান,0,0
অ<unk>েল,অ<unk>েল,অ<unk>েল,অ<unk>েল,অ<unk>েল,1,1
অভীর,অবীর,অবীর,অবীর,অবীর,1,1
আদাভ,আদাব,আদাব,আদাব,আদাব,1,1
অণ্ধ,অন্দ,অন্দ,অন্দ,অন্ধ,0,0
আণিব,আনিব,আনিব,আনিব,আনিব,1,1
আকণ্,আকন্,আকন্,আকন্,আকন্,1,1
আঁছা,আঁচা,আঁচা,আঁচা,আঁচা,1,1
অবণ্,অবন্,অবন্,অবন্,অবন্,1,1
আণুন,আনুন,আনুন,আনুন,আনুন,1,1
অবঙ্,অবঙ্,অবঙ্,অবঙ্,অভঙ্,0,0
অভনত,অবনত,অবনত,অবনত,অবনত,1,1
অভধি,অবদি,অবদি,অবদি,অবধি,0,0
আমষি,আমসি,আমসি,আমসি,আমশি,0,0
আগেঈ,আগেই,আগেই,আগেই,আগেই,1,1
আটাস,আটাশ,আটাশ,আটাশ,আটাশ,1,1
অ্ঝা,অ্যা,অ্যা,অ্যা,অ্যা,1,1
আণ্য,আন্জ,আন্জ,আন্জ,আন্য,0,0
আণত্,আনত্,আনত্,আনত্,আনত্,1,1
অণুগ,অনুগ,অনুগ,অনুগ,অনুগ,1,1
আপিম,আপিম,আপিম,আপিম,আফিম,0,0
আ<unk>ণু,আ<unk>নু,আ<unk>নু,আ<unk>নু,আ<unk>নু,1,1
আফোস,আপোশ,আপোশ,আপোশ,আপোস,0,0
আঁছল,আঁচল,আঁচল,আঁচল,আঁচল,1,1
আঝনা,আজনা,আজনা,আজনা,আজনা,1,1
আ<unk><unk>ভ,আ<unk><unk>ব,আ<unk><unk>ব,আ<unk><unk>ব,আই<unk>ব,0,0
আকিয,আকিজ,আকিজ,আকিজ,আকিজ,1,1
আধরী,আদরী,আদরী,আদরী,আদরী,1,1
অদীর,অধীর,অধীর,অধীর,অধীর,1,1
আঝনম,আজনম,আজনম,আজনম,আজনম,1,1
অফটু,অপটু,অপটু,অপটু,অপটু,1,1
আণয়ন,আনয়ন,আনয়ন,আনয়ন,আনয়ন,1,1
অশুখ,অশুখ,অশুখ,অশুখ,অসুখ,0,0
আকচি,আকচি,আকচি,আকচি,আকছি,0,0
অটণ্,অটন্,অটন্,অটন্,অটন্,1,1
আণার,আনার,আনার,আনার,আনার,1,1
অফুপ,অপুপ,অপুপ,অপুপ,অপুপ,1,1
অফকট,অপকট,অপকট,অপকট,অপকট,1,1
আধিল,আদিল,আদিল,আদিল,আদিল,1,1
অণঙ্,অনঙ্,অনঙ্,অনঙ্,অনঙ্,1,1
আভৃত,আবৃত,আবৃত,আবৃত,আবৃত,1,1
আফীন,আপীন,আপীন,আপীন,আপীন,1,1
আজাল,আজাল,আজাল,আজাল,আ<unk>াল,0,0
আকধ্,আকদ্,আকদ্,আকদ্,আকদ্,1,1
অজরে,অজরে,অজরে,অজরে,অ<unk>রে,0,0
আফিশ,আপিশ,আপিশ,আপিশ,আফিস,0,0
অর্ভ,অর্ব,অর্ব,অর্ব,অর্ব,1,1
অদবা,অধবা,অধবা,অধবা,অধবা,1,1
অতোষি,অতোশি,অতোশি,অতোশি,অতোশি,1,1
আপতাব,আপতাব,আপতাব,আপতাব,আফতাব,0,0
আফয়ূণ,আপয়ূন,আপয়ূন,আপয়ূন,আফয়ূন,0,0
অঞ্ঝন,অঞ্জন,অঞ্জন,অঞ্জন,অঞ্জন,1,1
অণিতি,অনিতি,অনিতি,অনিতি,অনিতি,1,1
অভ্জে,অব্যে,অব্যে,অব্যে,অব্জে,0,0
অল্ফে,অল্পে,অল্পে,অল্পে,অল্পে,1,1
অষক্ত,অসক্ত,অসক্ত,অসক্ত,অশক্ত,0,0
অমাণ্,অমান্,অমান্,অমান্,অমান্,1,1
আকিধা,আকিদা,আকিদা,আকিদা,আকিদা,1,1
আদভের,আদবের,আদবের,আদবের,আদবের,1,1
আকোষ্,আকোশ্,আকোশ্,আকোশ্,আকোশ্,1,1
অভিকল,অবিকল,অবিকল,অবিকল,অবিকল,1,1
আদাণ্,আদান্,আদান্,আদান্,আদান্,1,1
অদিকং,অধিকং,অধিকং,অধিকং,অধিকং,1,1
অভলার,অবলার,অবলার,অবলার,অবলার,1,1
আভদুল,আবদুল,আবদুল,আবদুল,আবদুল,1,1
অবাবী,অভাবী,অভাবী,অভাবী,অভাবী,1,1
অযতণে,অজতনে,অজতনে,অজতনে,অযতনে,0,0
অভচয়ণ,অবচয়ন,অবচয়ন,অবচয়ন,অবচয়ন,1,1
আফোঙ্,আপোঙ্,আপোঙ্,আপোঙ্,আপোঙ্,1,1
আব<unk>াল,আব<unk>াল,আব<unk>াল,আব<unk>াল,আবডাল,0,0
আধ্দি,আদ্দি,আদ্দি,আদ্দি,আদ্দি,1,1
অভগাহ,অবগাহ,অবগাহ,অবগাহ,অবগাহ,1,1
অণাব্,অনাব্,অনাব্,অনাব্,অনাব্,1,1
অঝাগর,অজাগর,অজাগর,অজাগর,অজাগর,1,1
অহিমণ,অহিমন,অহিমন,অহিমন,অহিমন,1,1
আধায়্,আদায়্,আদায়্,আদায়্,আদায়্,1,1
আগ<unk>াল,আগ<unk>াল,আগ<unk>াল,আগ<unk>াল,আগডাল,0,0
অবব্ঝ,অবব্য,অবব্য,অবব্য,অভব্য,0,0
আভট্ট,আবট্ট,আবট্ট,আবট্ট,আবট্ট,1,1
অপিণো,অপিনো,অপিনো,অপিনো,অপিনো,1,1
অন্দল,অন্দল,অন্দল,অন্দল,অন্ধল,0,0
অপোষ্,অপোশ্,অপোশ্,অপোশ্,অপোশ্,1,1
অসিশ্,অশিশ্,অশিশ্,অশিশ্,অশিশ্,1,1
আপিশে,আপিশে,আপিশে,আপিশে,আপিসে,0,0
আভালি,আবালি,আবালি,আবালি,আবালি,1,1
আছকান,আচকান,আচকান,আচকান,আচকান,1,1
আণিস্,আনিশ্,আনিশ্,আনিশ্,আনিস্,0,0
আকেভত,আকেবত,আকেবত,আকেবত,আকেবত,1,1
আণানো,আনানো,আনানো,আনানো,আনানো,1,1
আতাণ্,আতান্,আতান্,আতান্,আতান্,1,1
আভাষি,আবাশি,আবাশি,আবাশি,আভাসি,0,0
অবশাণ,অবসান,অবসান,অবসান,অবসান,1,1
অদীতি,অধীতি,অধীতি,অধীতি,অধীতি,1,1
অটোভি,অটোবি,অটোবি,অটোবি,অটোবি,1,1
অশাসণ,অশাশন,অশাশন,অশাশন,অশাসন,0,0
অভণিক,অবনিক,অবনিক,অবনিক,অবণিক,0,0
অফজাত,অপজাত,অপজাত,অপজাত,অপজাত,1,1
অমাণী,অমানী,অমানী,অমানী,অমানী,1,1
অণাথ্,অনাথ্,অনাথ্,অনাথ্,অনাথ্,1,1
অষকৃ<unk>,অসকৃ<unk>,অসকৃ<unk>,অসকৃ<unk>,অসকৃ<unk>,1,1
অঝমী<unk>,অজমী<unk>,অজমী<unk>,অজমী<unk>,অজমী<unk>,1,1
অভ্ধি,অব্দি,অব্দি,অব্দি,অব্ধি,0,0
আতফ্ত,আতপ্ত,আতপ্ত,আতপ্ত,আতপ্ত,1,1
অপথ্ঝ,অপথ্য,অপথ্য,অপথ্য,অপথ্য,1,1
আধশার,আদসার,আদসার,আদসার,আদশার,0,0
অকম্ফ,অকম্প,অকম্প,অকম্প,অকম্প,1,1
আঁদলা,আঁদলা,আঁদলা,আঁদলা,আঁধলা,0,0
অঙ্গঝ,অঙ্গজ,অঙ্গজ,অঙ্গজ,অঙ্গজ,1,1
অজাণা,অজানা,অজানা,অজানা,অজানা,1,1
আণমিত,আনমিত,আনমিত,আনমিত,আনমিত,1,1
অরূফ্,অরূপ্,অরূপ্,অরূপ্,অরূপ্,1,1
অণিচ্,অনিচ্,অনিচ্,অনিচ্,অনিচ্,1,1
আঞ্ঝন,আঞ্জন,আঞ্জন,আঞ্জন,আঞ্জন,1,1
অফতিত,অপতিত,অপতিত,অপতিত,অপতিত,1,1
আখুণ্,আখুন্,আখুন্,আখুন্,আখুন্,1,1
অসমৃন,অসমৃণ,অসমৃণ,অসমৃণ,অসমৃণ,1,1
অভধার,অবদার,অবদার,অবদার,অবধার,0,0
আপোণ্,আপোন্,আপোন্,আপোন্,আপোন্,1,1
অপব্র,অপব্র,অপব্র,অপব্র,অপভ্র,0,0
আ<unk>লাধ,আ<unk>লাদ,আ<unk>লাদ,আ<unk>লাদ,আ<unk>লাদ,1,1
অঞ্ছল,অঞ্চল,অঞ্চল,অঞ্চল,অঞ্চল,1,1
অঙ্কণ,অঙ্কণ,অঙ্কণ,অঙ্কণ,অঙ্কন,0,0
আচোলা,আছোলা,আছোলা,আছোলা,আছোলা,1,1
অপিসর,অপিশর,অপিশর,অপিশর,অফিসর,0,0
আঝগবি,আজগবি,আজগবি,আজগবি,আজগবি,1,1
আণার্,আনার্,আনার্,আনার্,আনার্,1,1
অভগ্ণ,অবগ্ন,অবগ্ন,অবগ্ন,অভগ্ন,0,0
অঞ্ছ্,অঞ্চ্,অঞ্চ্,অঞ্চ্,অঞ্চ্,1,1
আটোফ্,আটোপ্,আটোপ্,আটোপ্,আটোপ্,1,1
অবিদি,অবিদি,অবিদি,অবিদি,অবিধি,0,0
অভবাস,অববাশ,অববাশ,অববাশ,অবভাস,0,0
অষত্য,অসত্য,অসত্য,অসত্য,অসত্য,1,1
অশ্টি,অশ্টি,অশ্টি,অশ্টি,অষ্টি,0,0
অণ্ধ্,অন্দ্,অন্দ্,অন্দ্,অন্ধ্,0,0
আফণিক,আপনিক,আপনিক,আপনিক,আপণিক,0,0
অষুলভ,অশুলব,অশুলব,অশুলব,অসুলভ,0,0
অপণয়ণ,অপনয়ন,অপনয়ন,অপনয়ন,অপনয়ন,1,1
অবাধ্,অবাদ্,অবাদ্,অবাদ্,অবাদ্,1,1
আঈটেম,আইটেম,আইটেম,আইটেম,আইটেম,1,1
অশুখী,অশুখী,অশুখী,অশুখী,অসুখী,0,0
অয়োস্,অয়োশ্,অয়োশ্,অয়োশ্,অয়োশ্,1,1
অশ্ম্,অশ্ম্,অশ্ম্,অশ্ম্,অস্ম্,0,0
অনল্ফ,অনল্প,অনল্প,অনল্প,অনল্প,1,1
অমলিণ,অমলিন,অমলিন,অমলিন,অমলিন,1,1
আঁসফল,আঁশপল,আঁশপল,আঁশপল,আঁশফল,0,0
অবিগম,অবিগম,অবিগম,অবিগম,অভিগম,0,0
অন্ভু,অন্বু,অন্বু,অন্বু,অন্বু,1,1
অম্ভল,অম্বল,অম্বল,অম্বল,অম্বল,1,1
আধাড়্,আদাড়্,আদাড়্,আদাড়্,আদাড়্,1,1
আছুধা,আছুদা,আছুদা,আছুদা,আছুদা,1,1
অর্ছক,অর্চক,অর্চক,অর্চক,অর্চক,1,1
অতরুন,অতরুণ,অতরুণ,অতরুণ,অতরুণ,1,1
আভেক্,আবেক্,আবেক্,আবেক্,আবেক্,1,1
অণকৃত,অনকৃত,অনকৃত,অনকৃত,অনকৃত,1,1
আণাম্,আনাম্,আনাম্,আনাম্,আনাম্,1,1
অধূরে,অধূরে,অধূরে,অধূরে,অদূরে,0,0
অফরাধ,অপরাদ,অপরাদ,অপরাদ,অপরাধ,0,0
অণণ্য,অনন্য,অনন্য,অনন্য,অনন্য,1,1
অ<unk>টণ্,অ<unk>টন্,অ<unk>টন্,অ<unk>টন্,অ<unk>টন্,1,1
আটুণি,আটুনি,আটুনি,আটুনি,আটুনি,1,1
অভলেপ,অবলেপ,অবলেপ,অবলেপ,অবলেপ,1,1
অলব্দ,অলব্দ,অলব্দ,অলব্দ,অলব্ধ,0,0
অদাঝ্,অধাজ্,অধাজ্,অধাজ্,অদাজ্,0,0
আধিরস,আদিরস,আদিরস,আদিরস,আদিরস,1,1
অষতের,অসতের,অসতের,অসতের,অসতের,1,1
আচাড়ি,আছাড়ি,আছাড়ি,আছাড়ি,আছাড়ি,1,1
অচ<unk>তে,অচ<unk>তে,অচ<unk>তে,অচ<unk>তে,অছইতে,0,0
আবরনী,আবরণী,আবরণী,আবরণী,আবরণী,1,1
অশাড়ে,অশাড়ে,অশাড়ে,অশাড়ে,অসাড়ে,0,0
অকালয,অকালজ,অকালজ,অকালজ,অকালজ,1,1
অবোছ্,অবোচ্,অবোচ্,অবোচ্,অবোচ্,1,1
আণিনি,আনিনি,আনিনি,আনিনি,আনিনি,1,1
আ<unk>্<unk>া,আই্ডা,আই্ডা,আই্ডা,আড্ডা,0,0
আমাধা,আমাদা,আমাদা,আমাদা,আমাদা,1,1
অশাদু,অশাদু,অশাদু,অশাদু,অশাধু,0,0
আঁষপল,আঁশপল,আঁশপল,আঁশপল,আঁষফল,0,0
আমগাচ,আমগাচ,আমগাচ,আমগাচ,আমগাছ,0,0
আফাকা,আপাকা,আপাকা,আপাকা,আপাকা,1,1
অষতর্,অশতর্,অশতর্,অশতর্,অশতর্,1,1
অধোক্,অধোক্,অধোক্,অধোক্,অদোক্,0,0
অস্মধ,অস্মদ,অস্মদ,অস্মদ,অস্মদ,1,1
অশভর্,অশবর্,অশবর্,অশবর্,অশবর্,1,1
অদিভ্,অদিব্,অদিব্,অদিব্,অদিব্,1,1
অযুগ্,অজুগ্,অজুগ্,অজুগ্,অজুগ্,1,1
অমদুর,অমদুর,অমদুর,অমদুর,অমধুর,0,0
আবোস্,আবোশ্,আবোশ্,আবোশ্,আবোশ্,1,1
অনদিক,অনদিক,অনদিক,অনদিক,অনধিক,0,0
অস্বে,অশ্বে,অশ্বে,অশ্বে,অশ্বে,1,1
অনিমা,অনিমা,অনিমা,অনিমা,অণিমা,0,0
আবীরী,আবীরী,আবীরী,আবীরী,আভীরী,0,0
আ<unk>াকা,আ<unk>াকা,আ<unk>াকা,আ<unk>াকা,আ<unk>াকা,1,1
অভোহি,অবোহি,অবোহি,অবোহি,অবোহি,1,1
অণৃতো,অনৃতো,অনৃতো,অনৃতো,অনৃতো,1,1
অদর্ম,অদর্ম,অদর্ম,অদর্ম,অধর্ম,0,0
অঝগ্ম,অজগ্ম,অজগ্ম,অজগ্ম,অযগ্ম,0,0
আধোদ্,আদোদ্,আদোদ্,আদোদ্,আদোদ্,1,1
আদাপথ,আদাপথ,আদাপথ,আদাপথ,আধাপথ,0,0
আফষোস,আপশোষ,আপশোষ,আপশোষ,আপসোস,0,0
আযোড়া,আজোড়া,আজোড়া,আজোড়া,আ<unk>োড়া,0,0
আটধিক,আটদিক,আটদিক,আটদিক,আটদিক,1,1
অষুক্,অশুক্,অশুক্,অশুক্,অশুক্,1,1
অপণীত,অপনীত,অপনীত,অপনীত,অপনীত,1,1
অণায়ক,অনায়ক,অনায়ক,অনায়ক,অনায়ক,1,1
অণোন্,অনোন্,অনোন্,অনোন্,অনোন্,1,1
আভদ্দ,আবদ্দ,আবদ্দ,আবদ্দ,আবদ্ধ,0,0
অযিফা,অজিপা,অজিপা,অজিপা,অজিফা,0,0
অণতীত,অনতীত,অনতীত,অনতীত,অনতীত,1,1
আভারো,আবারো,আবারো,আবারো,আবারো,1,1
অতিষ্,অতিশ্,অতিশ্,অতিশ্,অতিশ্,1,1
আবাসণ,আবাশন,আবাশন,আবাশন,আভাষণ,0,0
অমষৃণ,অমসৃণ,অমসৃণ,অমসৃণ,অমসৃণ,1,1
অচ্চধ,অচ্ছদ,অচ্ছদ,অচ্ছদ,অচ্ছদ,1,1
আমত্ভ,আমত্ব,আমত্ব,আমত্ব,আমত্ব,1,1
অজষ্র,অজস্র,অজস্র,অজস্র,অজস্র,1,1
অছেতো,অচেতো,অচেতো,অচেতো,অচেতো,1,1
অফেরণ,অপেরণ,অপেরণ,অপেরণ,অপেরণ,1,1
আপুটা,আফুটা,আফুটা,আফুটা,আফুটা,1,1
অণায়ত,অনায়ত,অনায়ত,অনায়ত,অনায়ত,1,1
অভোস্,অবোশ্,অবোশ্,অবোশ্,অবোস্,0,0
আঁটশহ,আঁটশহ,আঁটশহ,আঁটশহ,আঁটসহ,0,0
অগ্ণি,অগ্নি,অগ্নি,অগ্নি,অগ্নি,1,1
আবেষ্,আবেশ্,আবেশ্,আবেশ্,আবেস্,0,0
আঙিণা,আঙিনা,আঙিনা,আঙিনা,আঙিনা,1,1
আটভিক,আটবিক,আটবিক,আটবিক,আটবিক,1,1
অভিরল,অবিরল,অবিরল,অবিরল,অবিরল,1,1
অদোর্,অধোর্,অধোর্,অধোর্,অধোর্,1,1
অম্ভ্,অম্ব্,অম্ব্,অম্ব্,অম্ব্,1,1
আভাহন,আবাহন,আবাহন,আবাহন,আবাহন,1,1
অভতরণ,অবতরণ,অবতরণ,অবতরণ,অবতরণ,1,1
অধোভা,অধোবা,অধোবা,অধোবা,অধোবা,1,1
অভাচী,অবাচী,অবাচী,অবাচী,অবাচী,1,1
আফাতো,আপাতো,আপাতো,আপাতো,আপাতো,1,1
অহিহণ,অহিহন,অহিহন,অহিহন,অহিহন,1,1
অম<unk>ষর,অম<unk>শর,অম<unk>শর,অম<unk>শর,অম<unk>সর,0,0
অণাত্,অনাত্,অনাত্,অনাত্,অনাত্,1,1
আধমের,আদমের,আদমের,আদমের,আদমের,1,1
অধ্জয়,অদ্যয়,অদ্যয়,অদ্যয়,অধ্যয়,0,0
অগণন্,অগনন্,অগনন্,অগনন্,অগনন্,1,1
আপখোরা,আপখোরা,আপখোরা,আপখোরা,আফখোরা,0,0
অঝত্নে,অজত্নে,অজত্নে,অজত্নে,অযত্নে,0,0
আটখাণা,আটখানা,আটখানা,আটখানা,আটখানা,1,1
অর্জমা,অর্জমা,অর্জমা,অর্জমা,অর্যমা,0,0
অীবমুখ,অখবমুখ,অখবমুখ,অখবমুখ,অীভমুখ,0,0
অক্লেস,অক্লেশ,অক্লেশ,অক্লেশ,অক্লেশ,1,1
অদিকতম,অধিকতম,অধিকতম,অধিকতম,অধিকতম,1,1
অফাঙ্গ,অপাঙ্গ,অপাঙ্গ,অপাঙ্গ,অপাঙ্গ,1,1
অণ্নময়,অন্নময়,অন্নময়,অন্নময়,অন্নময়,1,1
আচিদরী,আছিদরী,আছিদরী,আছিদরী,আছিদরী,1,1
আ<unk>ভাণ্,আইবান্,আইবান্,আইবান্,আ<unk>ভান্,0,0
আ<unk>াতেঈ,আ<unk>াতেই,আ<unk>াতেই,আ<unk>াতেই,আ<unk>াতেই,1,1
অখ্ঝাত,অখ্যাত,অখ্যাত,অখ্যাত,অখ্যাত,1,1
আধায়ের,আদায়ের,আদায়ের,আদায়ের,আদায়ের,1,1
অঝরামর,অজরামর,অজরামর,অজরামর,অজরামর,1,1
অভসরমত,অবসরমত,অবসরমত,অবসরমত,অবসরমত,1,1
অণ্ধতম,অন্দতম,অন্দতম,অন্দতম,অন্ধতম,0,0
আঙ্গণে,আঙ্গণে,আঙ্গণে,আঙ্গণে,আঙ্গনে,0,0
অবণমিত,অবনমিত,অবনমিত,অবনমিত,অবনমিত,1,1
আধ্জরস,আদ্যরস,আদ্যরস,আদ্যরস,আদ্যরস,1,1
আণ্ধায,আন্দাজ,আন্দাজ,আন্দাজ,আন্দায,0,0
অষ্মরী,অস্মরী,অস্মরী,অস্মরী,অশ্মরী,0,0
অবশাণা,অবসানা,অবসানা,অবসানা,অবসানা,1,1
অণুধাস,অনুদাশ,অনুদাশ,অনুদাশ,অনুদাস,0,0
অষাধ্জ,অশাদ্য,অশাদ্য,অশাদ্য,অসাধ্য,0,0
আটুঁণি,আটুঁনি,আটুঁনি,আটুঁনি,আটুঁনি,1,1
আজায়েভ,আজায়েব,আজায়েব,আজায়েব,আজায়েব,1,1
অষহায়া,অশহায়া,অশহায়া,অশহায়া,অসহায়া,0,0
অদ্বূত,অদ্বূত,অদ্বূত,অদ্বূত,অদ্ভূত,0,0
আবধারে,আবদারে,আবদারে,আবদারে,আবদারে,1,1
আণয়নের,আনয়নের,আনয়নের,আনয়নের,আনয়নের,1,1
আধিকবি,আদিকবি,আদিকবি,আদিকবি,আদিকবি,1,1
আঁচাণো,আঁচানো,আঁচানো,আঁচানো,আঁচানো,1,1
অভনতির,অবনতির,অবনতির,অবনতির,অবনতির,1,1
অস<unk>খিন,অশ<unk>খিন,অশ<unk>খিন,অশ<unk>খিন,অশ<unk>খিন,1,1
আকয়িধ্,আকয়িদ্,আকয়িদ্,আকয়িদ্,আকয়িদ্,1,1
অবিদেয়,অবিদেয়,অবিদেয়,অবিদেয়,অবিধেয়,0,0
আপাতুন,আপাতুন,আপাতুন,আপাতুন,আফাতুন,0,0
অকাট্জ,অকাট্য,অকাট্য,অকাট্য,অকাট্য,1,1
অসংবরন,অসংবরণ,অসংবরণ,অসংবরণ,অসংবরণ,1,1
আছার্য,আচার্য,আচার্য,আচার্য,আচার্য,1,1
অদহণীয়,অধহনীয়,অধহনীয়,অধহনীয়,অদহনীয়,0,0
অণীহার,অনীহার,অনীহার,অনীহার,অনীহার,1,1
আ<unk>ল্যা,আ<unk>ল্যা,আ<unk>ল্যা,আ<unk>ল্যা,আ<unk>ল্যা,1,1
অনিধ্র,অনিদ্র,অনিদ্র,অনিদ্র,অনিদ্র,1,1
আখ্ঝাত,আখ্যাত,আখ্যাত,আখ্যাত,আখ্যাত,1,1
অদিকরত,অধিকরত,অধিকরত,অধিকরত,অধিকরত,1,1
আঁখিষম,আঁখিশম,আঁখিশম,আঁখিশম,আঁখিসম,0,0
অহৃদ্জ,অহৃদ্য,অহৃদ্য,অহৃদ্য,অহৃদ্য,1,1
আকর্শক,আকর্ষক,আকর্ষক,আকর্ষক,আকর্ষক,1,1
অণাহার,অনাহার,অনাহার,অনাহার,অনাহার,1,1
অভারিত,অবারিত,অবারিত,অবারিত,অবারিত,1,1
অণূ<unk>ার,অনূ<unk>ার,অনূ<unk>ার,অনূ<unk>ার,অনূ<unk>ার,1,1
অগ্রনী,অগ্রণী,অগ্রণী,অগ্রণী,অগ্রণী,1,1
অখণ্<unk>ো,অখন্ডো,অখন্ডো,অখন্ডো,অখন্ডো,1,1
অণু<unk>টক,অনু<unk>টক,অনু<unk>টক,অনু<unk>টক,অনু<unk>টক,1,1
অষীমতা,অশীমতা,অশীমতা,অশীমতা,অসীমতা,0,0
আবিজাত,আবিজাত,আবিজাত,আবিজাত,আভিজাত,0,0
আ<unk>্রান,আই্রান,আই্রান,আই্রান,আ<unk>্রাণ,0,0
আণ্ত্র,আন্ত্র,আন্ত্র,আন্ত্র,আন্ত্র,1,1
আমনদান,আমনদান,আমনদান,আমনদান,আমনধান,0,0
অণর্থা,অনর্থা,অনর্থা,অনর্থা,অনর্থা,1,1
আটধিকে,আটদিকে,আটদিকে,আটদিকে,আটদিকে,1,1
আদবুড়ি,আদবুড়ি,আদবুড়ি,আদবুড়ি,আধবুড়ি,0,0
অবিমুখ,অবিমুখ,অবিমুখ,অবিমুখ,অভিমুখ,0,0
আঁকসলী,আঁকশলী,আঁকশলী,আঁকশলী,আঁকশলী,1,1
অধস্তণ,অদস্তন,অদস্তন,অদস্তন,অধস্তন,0,0
অণীষিত,অনীশিত,অনীশিত,অনীশিত,অনীষিত,0,0
অণুদাণ,অনুদান,অনুদান,অনুদান,অনুদান,1,1
অবিলাষ,অবিলাশ,অবিলাশ,অবিলাশ,অভিলাষ,0,0
অভেলায়,অবেলায়,অবেলায়,অবেলায়,অবেলায়,1,1
আকয়েধে,আকয়েদে,আকয়েদে,আকয়েদে,আকয়েদে,1,1
আণা<unk>য়া,আনা<unk>য়া,আনা<unk>য়া,আনা<unk>য়া,আনাইয়া,0,0
আধিহীন,আদিহীন,আদিহীন,আদিহীন,আদিহীন,1,1
আধোম্,আদোম্,আদোম্,আদোম্,আদোম্,1,1
আ<unk>াতষহ,আ<unk>াতসহ,আ<unk>াতসহ,আ<unk>াতসহ,আ<unk>াতসহ,1,1
আভহমান,আবহমান,আবহমান,আবহমান,আবহমান,1,1
আক্শির,আক্ষির,আক্ষির,আক্ষির,আক্সির,0,0
আযমী<unk>ে,আজমীদে,আজমীদে,আজমীদে,আজমী<unk>ে,0,0
আঈবানি,আইবানি,আইবানি,আইবানি,আইবানি,1,1
অণাহূত,অনাহূত,অনাহূত,অনাহূত,অনাহূত,1,1
অ্যাধ্,অ্যাদ্,অ্যাদ্,অ্যাদ্,অ্যাদ্,1,1
অক্রোদ,অক্রোদ,অক্রোদ,অক্রোদ,অক্রোধ,0,0
আফ<unk>কাল,আপ<unk>কাল,আপ<unk>কাল,আপ<unk>কাল,আপ<unk>কাল,1,1
আভুয়াব,আবুয়াব,আবুয়াব,আবুয়াব,আবুয়াব,1,1
অর্দনত,অর্দনত,অর্দনত,অর্দনত,অর্ধনত,0,0
অদমাধম,অদমাদম,অদমাদম,অদমাদম,অধমাধম,0,0
অভিহবা,অবিহবা,অবিহবা,অবিহবা,অবিহবা,1,1
আবুতল্,আবুতল্,আবুতল্,আবুতল্,আভুতল্,0,0
অংশুফট,অংশুপট,অংশুপট,অংশুপট,অংশুপট,1,1
অক্শমা,অক্ষমা,অক্ষমা,অক্ষমা,অক্ষমা,1,1
অন<unk>ক্জ,অন<unk>ক্য,অন<unk>ক্য,অন<unk>ক্য,অন<unk>ক্য,1,1
অপরিশর,অপরিশর,অপরিশর,অপরিশর,অপরিসর,0,0
আয্নাঈ,আজ্নাই,আজ্নাই,আজ্নাই,আজ্নাই,1,1
অণুরতি,অনুরতি,অনুরতি,অনুরতি,অনুরতি,1,1
আদর্ষে,আদর্ষে,আদর্ষে,আদর্ষে,আদর্শে,0,0
আবরনের,আবরণের,আবরণের,আবরণের,আবরণের,1,1
অদিধেব,অধিদেব,অধিদেব,অধিদেব,অধিদেব,1,1
অবরোদক,অবরোদক,অবরোদক,অবরোদক,অবরোধক,0,0
অণাড়ম্,অনাড়ম্,অনাড়ম্,অনাড়ম্,অনাড়ম্,1,1
অবণ্তী,অবন্তী,অবন্তী,অবন্তী,অবন্তী,1,1
অমর্শী,অমর্ষী,অমর্ষী,অমর্ষী,অমর্ষী,1,1
অবিজাত,অবিজাত,অবিজাত,অবিজাত,অভিজাত,0,0
আভরধেশ,আবরদেশ,আবরদেশ,আবরদেশ,আবরদেশ,1,1
অশ্থির,অস্থির,অস্থির,অস্থির,অস্থির,1,1
অশতর্ক,অসতর্ক,অসতর্ক,অসতর্ক,অসতর্ক,1,1
আকম্পণ,আকম্পণ,আকম্পণ,আকম্পণ,আকম্পন,0,0
অদুশ্ট,অধুষ্ট,অধুষ্ট,অধুষ্ট,অদুষ্ট,0,0
আভিদ্দ,আবিদ্দ,আবিদ্দ,আবিদ্দ,আবিদ্ধ,0,0
অঝোগ্য,অজোগ্য,অজোগ্য,অজোগ্য,অযোগ্য,0,0
অনুজেঈ,অনুজেই,অনুজেই,অনুজেই,অনুজেই,1,1
আপুটন্,আফুটন্,আফুটন্,আফুটন্,আফুটন্,1,1
অভিষার,অবিশার,অবিশার,অবিশার,অভিসার,0,0
আবাঙ্গ,আবাঙ্গ,আবাঙ্গ,আবাঙ্গ,আভাঙ্গ,0,0
অছেনায়,অচেনায়,অচেনায়,অচেনায়,অচেনায়,1,1
আণালহক,আনালহক,আনালহক,আনালহক,আনালহক,1,1
অক<unk>সলী,অক<unk>শলী,অক<unk>শলী,অক<unk>শলী,অক<unk>শলী,1,1
অণুদার,অনুদার,অনুদার,অনুদার,অনুদার,1,1
আভ্বাশ,আব্বাশ,আব্বাশ,আব্বাশ,আব্বাস,0,0
অবলেহণ,অবলেহন,অবলেহন,অবলেহন,অবলেহন,1,1
অভগতির,অবগতির,অবগতির,অবগতির,অবগতির,1,1
অপেরণ্,অপেরণ্,অপেরণ্,অপেরণ্,অপেরন্,0,0
আধভুড়া,আদবুড়া,আদবুড়া,আদবুড়া,আধবুড়া,0,0
অকৃষ্ন,অকৃষ্ণ,অকৃষ্ণ,অকৃষ্ণ,অকৃষ্ণ,1,1
আছালতণ,আছালতন,আছালতন,আছালতন,আছালতন,1,1
অণাদ্ঝ,অনাদ্য,অনাদ্য,অনাদ্য,অনাদ্য,1,1
অবষ্যি,অবশ্জি,অবশ্জি,অবশ্জি,অবশ্যি,0,0
অণ্যমত,অন্যমত,অন্যমত,অন্যমত,অন্যমত,1,1
অভনীতে,অবনীতে,অবনীতে,অবনীতে,অবনীতে,1,1
অ্ঝাপ্,অ্যাপ্,অ্যাপ্,অ্যাপ্,অ্যাপ্,1,1
অর্কি<unk>,অর্কি<unk>,অর্কি<unk>,অর্কি<unk>,অর্কিড,0,0
অণাকার,অনাকার,অনাকার,অনাকার,অনাকার,1,1
অভোলম্,অবোলম্,অবোলম্,অবোলম্,অবোলম্,1,1
অংসপলক,অংশপলক,অংশপলক,অংশপলক,অংসফলক,0,0
অণ্তরা,অন্তরা,অন্তরা,অন্তরা,অন্তরা,1,1
আঁষালো,আঁশালো,আঁশালো,আঁশালো,আঁশালো,1,1
আধমীতে,আদমীতে,আদমীতে,আদমীতে,আদমীতে,1,1
অ<unk>টণীয়,অ<unk>টনীয়,অ<unk>টনীয়,অ<unk>টনীয়,অ<unk>টনীয়,1,1
আটফিটা,আটপিটা,আটপিটা,আটপিটা,আটপিটা,1,1
আভরিলে,আবরিলে,আবরিলে,আবরিলে,আবরিলে,1,1
অষুয়ক্,অশুয়ক্,অশুয়ক্,অশুয়ক্,অশুয়ক্,1,1
আফ্তপর,আপ্তপর,আপ্তপর,আপ্তপর,আপ্তপর,1,1
আটফিটে,আটপিটে,আটপিটে,আটপিটে,আটপিটে,1,1
অভিবেক,অবিবেক,অবিবেক,অবিবেক,অবিবেক,1,1
অছলনীয়,অচলনীয়,অচলনীয়,অচলনীয়,অচলনীয়,1,1
আধষারা,আদসারা,আদসারা,আদসারা,আধসারা,0,0
আবষ্তক,আবস্তক,আবস্তক,আবস্তক,আবস্তক,1,1
অ্ঝাতো,অ্যাতো,অ্যাতো,অ্যাতো,অ্যাতো,1,1
অকথণীয়,অকথনীয়,অকথনীয়,অকথনীয়,অকথনীয়,1,1
অভনিতি,অবনিতি,অবনিতি,অবনিতি,অবনিতি,1,1
আণারসী,আনারশী,আনারশী,আনারশী,আনারসী,0,0
অগোপণ্,অগোপন্,অগোপন্,অগোপন্,অগোপন্,1,1
অষ্রুর,অশ্রুর,অশ্রুর,অশ্রুর,অশ্রুর,1,1
অম্ভরি,অম্বরি,অম্বরি,অম্বরি,অম্বরি,1,1
অষ্তেয়,অস্তেয়,অস্তেয়,অস্তেয়,অস্তেয়,1,1
আফিড়ন্,আপিড়ন্,আপিড়ন্,আপিড়ন্,আপিড়ন্,1,1
অণ্তত<unk>,অন্তত<unk>,অন্তত<unk>,অন্তত<unk>,অন্তত<unk>,1,1
আঁষানো,আঁশানো,আঁশানো,আঁশানো,আঁশানো,1,1
অন্ভিত,অন্বিত,অন্বিত,অন্বিত,অন্বিত,1,1
অ<unk>োশিত,অ<unk>োশিত,অ<unk>োশিত,অ<unk>োশিত,অ<unk>োষিত,0,0
আগুলণো,আগুলনো,আগুলনো,আগুলনো,আগুলনো,1,1
অজাণিত,অজানিত,অজানিত,অজানিত,অজানিত,1,1
আ<unk>্<unk>ায়,আই্ডায়,আই্ডায়,আই্ডায়,আড্ডায়,0,0
অবিণষ্,অবিনস্,অবিনস্,অবিনস্,অবিনশ্,0,0
অনুরোদ,অনুরোদ,অনুরোদ,অনুরোদ,অনুরোধ,0,0
অণপোত্,অনপোত্,অনপোত্,অনপোত্,অনপোত্,1,1
আঞ্যনি,আঞ্জনি,আঞ্জনি,আঞ্জনি,আঞ্জনি,1,1
অষ্ফুট,অশ্পুট,অশ্পুট,অশ্পুট,অস্ফুট,0,0
অঞ্ছলা,অঞ্চলা,অঞ্চলা,অঞ্চলা,অঞ্চলা,1,1
অণারের,অনারের,অনারের,অনারের,অনারের,1,1
অগ্ণির,অগ্নির,অগ্নির,অগ্নির,অগ্নির,1,1
অনুফমা,অনুপমা,অনুপমা,অনুপমা,অনুপমা,1,1
আঁকঝোক,আঁকজোক,আঁকজোক,আঁকজোক,আঁকজোক,1,1
অণেকটা,অনেকটা,অনেকটা,অনেকটা,অনেকটা,1,1
আকন্ধো,আকন্দো,আকন্দো,আকন্দো,আকন্দো,1,1
অকুলাণ,অকুলান,অকুলান,অকুলান,অকুলান,1,1
আটককরন,আটককরণ,আটককরণ,আটককরণ,আটককরণ,1,1
অভহেলা,অবহেলা,অবহেলা,অবহেলা,অবহেলা,1,1
অহিংশা,অহিংশা,অহিংশা,অহিংশা,অহিংসা,0,0
অশমিয়া,অসমিয়া,অসমিয়া,অসমিয়া,অসমিয়া,1,1
অবিরূপ,অবিরূপ,অবিরূপ,অবিরূপ,অভিরূপ,0,0
অহংবাব,অহংভাব,অহংভাব,অহংভাব,অহংভাব,1,1
আচোঁয়া,আছোঁয়া,আছোঁয়া,আছোঁয়া,আছোঁয়া,1,1
অতিধ<unk>ব,অতিদ<unk>ব,অতিদ<unk>ব,অতিদ<unk>ব,অতিদ<unk>ব,1,1
অভমাণন,অবমানন,অবমানন,অবমানন,অবমানন,1,1
অভিনাশ,অবিনাশ,অবিনাশ,অবিনাশ,অবিনাশ,1,1
আঁসফল্,আঁশপল্,আঁশপল্,আঁশপল্,আঁশফল্,0,0
অণিমিক,অনিমিক,অনিমিক,অনিমিক,অনিমিক,1,1
আঁধাড়ে,আঁদাড়ে,আঁদাড়ে,আঁদাড়ে,আঁদাড়ে,1,1
অযান্ত,অজান্ত,অজান্ত,অজান্ত,অজান্ত,1,1
আঁশহীণ,আঁশহীন,আঁশহীন,আঁশহীন,আঁশহীন,1,1
আমলাণো,আমলানো,আমলানো,আমলানো,আমলানো,1,1
অপূর্ন,অপূর্ণ,অপূর্ণ,অপূর্ণ,অপূর্ণ,1,1
অযগরের,অজগরের,অজগরের,অজগরের,অজগরের,1,1
অণ্ত্র,অন্ত্র,অন্ত্র,অন্ত্র,অন্ত্র,1,1
অস্লীল,অষ্লীল,অষ্লীল,অষ্লীল,অশ্লীল,0,0
আঝ্জাল,আজ্যাল,আজ্যাল,আজ্যাল,আজ্জাল,0,0
অগুনিত,অগুনিত,অগুনিত,অগুনিত,অগুণিত,0,0
আবচায়া,আবছায়া,আবছায়া,আবছায়া,আবছায়া,1,1
অপকর্স,অপকর্ষ,অপকর্ষ,অপকর্ষ,অপকর্ষ,1,1
আভদাল্,আবদাল্,আবদাল্,আবদাল্,আবদাল্,1,1
অভোয়ব্,অবোয়ব্,অবোয়ব্,অবোয়ব্,অবোয়ব্,1,1
আভমানি,আবমানি,আবমানি,আবমানি,আবমানি,1,1
আভাগীর,আবাগীর,আবাগীর,আবাগীর,আবাগীর,1,1
আধরকরণ,আদরকরণ,আদরকরণ,আদরকরণ,আদরকরণ,1,1
আক্ভর্,আক্বর্,আক্বর্,আক্বর্,আক্বর্,1,1
অংশণীয়,অংশনীয়,অংশনীয়,অংশনীয়,অংশনীয়,1,1
আধমখোর,আদমীোর,আদমীোর,আদমীোর,আদমখোর,0,0
অণ্ধ্র,অন্দ্র,অন্দ্র,অন্দ্র,অন্ধ্র,0,0
অবঝ্ঞা,অবজ্ঞা,অবজ্ঞা,অবজ্ঞা,অবজ্ঞা,1,1
আধাষীন,আদাশীন,আদাশীন,আদাশীন,আদাসীন,0,0
অণুবার,অনুবার,অনুবার,অনুবার,অনুবার,1,1
অণুলোম,অনুলোম,অনুলোম,অনুলোম,অনুলোম,1,1
অষারতা,অশারতা,অশারতা,অশারতা,অসারতা,0,0
আতষেরি,আতসেরি,আতসেরি,আতসেরি,আতসেরি,1,1
অর্জুণ,অর্জুণ,অর্জুণ,অর্জুণ,অর্জুন,0,0
অস্ণাত,অশ্নাত,অশ্নাত,অশ্নাত,অস্নাত,0,0
অস্থণ্,অস্থন্,অস্থন্,অস্থন্,অস্থন্,1,1
আদৃশ্ট,আদৃষ্ট,আদৃষ্ট,আদৃষ্ট,আদৃষ্ট,1,1
অলুভ্ধ,অলুব্দ,অলুব্দ,অলুব্দ,অলুব্ধ,0,0
আফিলের,আপিলের,আপিলের,আপিলের,আপিলের,1,1
আকাষকে,আকাশকে,আকাশকে,আকাশকে,আকাশকে,1,1
অযস্রতা,অজস্রতা,অজস্রতা,অজস্রতা,অজস্রতা,1,1
অষ্টাষি,অষ্টাশি,অষ্টাশি,অষ্টাশি,অষ্টাশি,1,1
আধিমত্ব,আদিমত্ব,আদিমত্ব,আদিমত্ব,আদিমত্ব,1,1
অপোধার্,অপোদার্,অপোদার্,অপোদার্,অপোদার্,1,1
আদরযত্ণ,আদরজত্ণ,আদরজত্ণ,আদরজত্ণ,আদরযত্ন,0,0
অ<unk>্রিণ্,অ<unk>্রিন্,অ<unk>্রিন্,অ<unk>্রিন্,অ<unk>্রিন্,1,1
অনিস্ঠা,অনিষ্ঠা,অনিষ্ঠা,অনিষ্ঠা,অনিষ্ঠা,1,1
অদিকারে,অধিকারে,অধিকারে,অধিকারে,অধিকারে,1,1
অনোনুষ্,অনোনুশ্,অনোনুশ্,অনোনুশ্,অনোনুশ্,1,1
আণমনীয়া,আনমনীয়া,আনমনীয়া,আনমনীয়া,আনমনীয়া,1,1
অধোধেস্,অধোদেশ্,অধোদেশ্,অধোদেশ্,অধোদেশ্,1,1
অবীশফ্ত,অবীশপ্ত,অবীশপ্ত,অবীশপ্ত,অভীশপ্ত,0,0
অফাঙ্গে,অপাঙ্গে,অপাঙ্গে,অপাঙ্গে,অপাঙ্গে,1,1
অণুসর্গ,অনুসর্গ,অনুসর্গ,অনুসর্গ,অনুসর্গ,1,1
অনভষ্থা,অনবস্থা,অনবস্থা,অনবস্থা,অনবস্থা,1,1
অসূয়াফর,অশূয়াপর,অশূয়াপর,অশূয়াপর,অসূয়াপর,0,0
অমরাভতী,অমরাবতী,অমরাবতী,অমরাবতী,অমরাবতী,1,1
অণাকার্,অনাকার্,অনাকার্,অনাকার্,অনাকার্,1,1
অট্টণাদ,অট্টনাদ,অট্টনাদ,অট্টনাদ,অট্টনাদ,1,1
অণ্<unk>হীন,অন্ডহীন,অন্ডহীন,অন্ডহীন,অণ্ডহীন,0,0
অবদার্জ,অবধার্য,অবধার্য,অবধার্য,অবধার্য,1,1
আকর্নিত,আকর্ণিত,আকর্ণিত,আকর্ণিত,আকর্ণিত,1,1
অরভিণ্দ,অরবিন্দ,অরবিন্দ,অরবিন্দ,অরবিন্দ,1,1
আদর্ষের,আদর্ষের,আদর্ষের,আদর্ষের,আদর্শের,0,0
আভুয়াব্,আবুয়াব্,আবুয়াব্,আবুয়াব্,আবুয়াব্,1,1
অশাধারণ,অসাদারণ,অসাদারণ,অসাদারণ,অসাধারন,0,0
অষ্খলিত,অষ্খলিত,অষ্খলিত,অষ্খলিত,অস্খলিত,0,0
অচাফল্য,অচাপল্য,অচাপল্য,অচাপল্য,অচাপল্য,1,1
অধিফতির,অধিপতির,অধিপতির,অধিপতির,অধিপতির,1,1
অষ্টফাধ,অষ্টপাদ,অষ্টপাদ,অষ্টপাদ,অষ্টপাদ,1,1
আদিপোত্,আদিপোত্,আদিপোত্,আদিপোত্,আধিপোত্,0,0
অমাণোনা,অমানোনা,অমানোনা,অমানোনা,অমানোনা,1,1
অণুমৃতা,অনুমৃতা,অনুমৃতা,অনুমৃতা,অনুমৃতা,1,1
অণারাম্,অনারাম্,অনারাম্,অনারাম্,অনারাম্,1,1
অন্ভেষা,অন্বেষা,অন্বেষা,অন্বেষা,অন্বেষা,1,1
অশ্তুতি,অস্তুতি,অস্তুতি,অস্তুতি,অস্তুতি,1,1
অশ্ট<unk>াট,অষ্ট<unk>াট,অষ্ট<unk>াট,অষ্ট<unk>াট,অষ্ট<unk>াট,1,1
অকোঈতব্,অকোইতব্,অকোইতব্,অকোইতব্,অকোইতব্,1,1
অদ্ধবাভ,অদ্দবাব,অদ্দবাব,অদ্দবাব,অদ্ধভাব,0,0
অযাজণীয়,অজাজনীয়,অজাজনীয়,অজাজনীয়,অযাজনীয়,0,0
অপরিমান,অপরিমান,অপরিমান,অপরিমান,অপরিমাণ,0,0
অষ্টাপধ,অষ্টাপদ,অষ্টাপদ,অষ্টাপদ,অষ্টাপদ,1,1
অর্থভি<unk>,অর্থবি<unk>,অর্থবি<unk>,অর্থবি<unk>,অর্থবি<unk>,1,1
অ্জাটর্,অ্যাটর্,অ্যাটর্,অ্যাটর্,অ্যাটর্,1,1
অফাবৃনু,অপাবৃণু,অপাবৃণু,অপাবৃণু,অপাবৃণু,1,1
অণেকদিণ,অনেকদিন,অনেকদিন,অনেকদিন,অনেকদিন,1,1
অবিসারী,অবিসারী,অবিসারী,অবিসারী,অভিসারী,0,0
অণাহারে,অনাহারে,অনাহারে,অনাহারে,অনাহারে,1,1
আনন্ত্জ,আনন্ত্য,আনন্ত্য,আনন্ত্য,আনন্ত্য,1,1
অসঞ্ছিত,অশঞ্চিত,অশঞ্চিত,অশঞ্চিত,অসঞ্চিত,0,0
অবতরনের,অবতরণের,অবতরণের,অবতরণের,অবতরণের,1,1
অকষ্মা<unk>,অকস্মা<unk>,অকস্মা<unk>,অকস্মা<unk>,অকস্মা<unk>,1,1
অন্তরেঈ,অন্তরেই,অন্তরেই,অন্তরেই,অন্তরেই,1,1
অফ্রতুল,অপ্রতুল,অপ্রতুল,অপ্রতুল,অপ্রতুল,1,1
অকণ্<unk>িত,অকন্ডিত,অকন্ডিত,অকন্ডিত,অকণ্ডিত,0,0
অজণ্তার,অজন্তার,অজন্তার,অজন্তার,অজন্তার,1,1
অণুদার্,অনুদার্,অনুদার্,অনুদার্,অনুদার্,1,1
অল্পদিণ,অল্পদিন,অল্পদিন,অল্পদিন,অল্পদিন,1,1
অনভর্তী,অনবর্তী,অনবর্তী,অনবর্তী,অনবর্তী,1,1
অক্ষা<unk><unk>,অক্ষা<unk><unk>,অক্ষা<unk><unk>,অক্ষা<unk><unk>,অক্সাইড,0,0
অবিরুধ্,অবিরুদ্,অবিরুদ্,অবিরুদ্,অবিরুদ্,1,1
অধিসয়িত,অধিশয়িত,অধিশয়িত,অধিশয়িত,অধিশয়িত,1,1
অর্ধোধয়,অর্ধোদয়,অর্ধোদয়,অর্ধোদয়,অর্ধোদয়,1,1
অভোদান্,অবোদান্,অবোদান্,অবোদান্,অবোদান্,1,1
অম্ভুরি,অম্বুরি,অম্বুরি,অম্বুরি,অম্বুরি,1,1
অন্তকরন,অন্তকরণ,অন্তকরণ,অন্তকরণ,অন্তকরণ,1,1
আভাহনের,আবাহনের,আবাহনের,আবাহনের,আবাহনের,1,1
আটকাভার,আটকাবার,আটকাবার,আটকাবার,আটকাবার,1,1
আকারকরন,আকারকরণ,আকারকরণ,আকারকরণ,আকারকরণ,1,1
অসীমত্ভ,অশীমত্ব,অশীমত্ব,অশীমত্ব,অসীমত্ব,0,0
আঁ<unk>কাণো,আঁইকানো,আঁইকানো,আঁইকানো,আঁ<unk>কানো,0,0
অর্চণীয়,অর্চনীয়,অর্চনীয়,অর্চনীয়,অর্চনীয়,1,1
অস্রজলে,অস্রজলে,অস্রজলে,অস্রজলে,অশ্রজলে,0,0
আগুফিছু,আগুপিচু,আগুপিচু,আগুপিচু,আগুপিছু,0,0
অফণোদিত,অপনোদিত,অপনোদিত,অপনোদিত,অপনোদিত,1,1
অণ্ণহীন,অন্নহীন,অন্নহীন,অন্নহীন,অন্নহীন,1,1
অলক্শণা,অলক্ষণা,অলক্ষণা,অলক্ষণা,অলক্ষণা,1,1
অভেদণিক,অবেদনিক,অবেদনিক,অবেদনিক,অবেদনিক,1,1
অঙ্কুসে,অঙ্কুষে,অঙ্কুষে,অঙ্কুষে,অঙ্কুশে,0,0
অফ্রাণী,অপ্রানী,অপ্রানী,অপ্রানী,অপ্রাণী,0,0
অপেক্ষন,অপেক্ষণ,অপেক্ষণ,অপেক্ষণ,অপেক্ষণ,1,1
অধরকারি,অধরকারি,অধরকারি,অধরকারি,অদরকারি,0,0
আফোজাত্,আপোজাত্,আপোজাত্,আপোজাত্,আপোজাত্,1,1
আমাদেরঈ,আমাদেরে,আমাদেরে,আমাদেরে,আমাদেরই,0,0
অগোবির্,অগোবির্,অগোবির্,অগোবির্,অগোভির্,0,0
অণ্ধকূপ,অন্দকূপ,অন্দকূপ,অন্দকূপ,অন্ধকূপ,0,0
অভিশারক,অবিশারক,অবিশারক,অবিশারক,অভিসারক,0,0
অদিরথের,অধিরথের,অধিরথের,অধিরথের,অধিরথের,1,1
আছোরিতো,আচোরিতো,আচোরিতো,আচোরিতো,আচোরিতো,1,1
অনুফাম্,অনুপাম্,অনুপাম্,অনুপাম্,অনুপাম্,1,1
অভ্যুধয়,অব্যুদয়,অব্যুদয়,অব্যুদয়,অভ্যুদয়,0,0
অতিভৃহ<unk>,অতিবৃহ<unk>,অতিবৃহ<unk>,অতিবৃহ<unk>,অতিবৃহ<unk>,1,1
আযড়া<unk>য়া,আজড়া<unk>য়া,আজড়া<unk>য়া,আজড়া<unk>য়া,আজড়াইয়া,0,0
অনাশ্থা,অনাস্থা,অনাস্থা,অনাস্থা,অনাস্থা,1,1
অল্ফত্ব,অল্পত্ব,অল্পত্ব,অল্পত্ব,অল্পত্ব,1,1
অফটুতার,অপটুতার,অপটুতার,অপটুতার,অপটুতার,1,1
অক্সিগত,অক্ষিগত,অক্ষিগত,অক্ষিগত,অক্ষিগত,1,1
অরোযাহ্,অরোজাহ্,অরোজাহ্,অরোজাহ্,অরোজাহ্,1,1
অর্ধখুণ,অর্ধীুণ,অর্ধীুণ,অর্ধীুণ,অর্ধখুন,0,0
অভিশফ্ত,অবিশপ্ত,অবিশপ্ত,অবিশপ্ত,অভিশপ্ত,0,0
আঈ<unk>িয়ার,আইইিয়ার,আইইিয়ার,আইইিয়ার,আইডিয়ার,0,0
অগ<unk>রভার,অগ<unk>রবার,অগ<unk>রবার,অগ<unk>রবার,অগ<unk>রবার,1,1
অঝুরদার,অজুরদার,অজুরদার,অজুরদার,অজুরদার,1,1
অষঙ্কিত,অসঙ্কিত,অসঙ্কিত,অসঙ্কিত,অশঙ্কিত,0,0
অনোসুয়ো,অনোশুয়ো,অনোশুয়ো,অনোশুয়ো,অনোশুয়ো,1,1
অষ্বযাণ,অশ্বজান,অশ্বজান,অশ্বজান,অশ্বযান,0,0
অলন্দাঝ,অলন্দাজ,অলন্দাজ,অলন্দাজ,অলন্দাজ,1,1
অণভিজাত,অনবিজাত,অনবিজাত,অনবিজাত,অনভিজাত,0,0
আধায়োতি,আদায়োতি,আদায়োতি,আদায়োতি,আদায়োতি,1,1
আঁশভঁটি,আঁশবঁটি,আঁশবঁটি,আঁশবঁটি,আঁশবঁটি,1,1
আ<unk>য়াযকে,আ<unk>য়াজকে,আ<unk>য়াজকে,আ<unk>য়াজকে,আ<unk>য়াজকে,1,1
আজায়েভ্,আজায়েব্,আজায়েব্,আজায়েব্,আজায়েব্,1,1
অফ্রোত্,অপ্রোত্,অপ্রোত্,অপ্রোত্,অপ্রোত্,1,1
অহিন্ধু,অহিন্দু,অহিন্দু,অহিন্দু,অহিন্দু,1,1
অষার্থক,অশার্থক,অশার্থক,অশার্থক,অসার্থক,0,0
অসম্বূত,অসম্বূত,অসম্বূত,অসম্বূত,অসম্ভূত,0,0
অণাবিলা,অনাবিলা,অনাবিলা,অনাবিলা,অনাবিলা,1,1
অণিবিড়্,অনিবিড়্,অনিবিড়্,অনিবিড়্,অনিবিড়্,1,1
অভোহেলন,অবোহেলন,অবোহেলন,অবোহেলন,অবোহেলন,1,1
অভ্জাগম,অব্যাগম,অব্যাগম,অব্যাগম,অভ্যাগম,0,0
অণর্থকর,অনর্থকর,অনর্থকর,অনর্থকর,অনর্থকর,1,1
অমর্শিত,অমর্ষিত,অমর্ষিত,অমর্ষিত,অমর্ষিত,1,1
অনব্ঝাস,অনব্যাশ,অনব্যাশ,অনব্যাশ,অনভ্যাস,0,0
অবক্শেফ,অবক্ষেপ,অবক্ষেপ,অবক্ষেপ,অবক্ষেপ,1,1
অঝানিতো,অজানিতো,অজানিতো,অজানিতো,অজানিতো,1,1
অষমৃদ্দ,অসমৃদ্দ,অসমৃদ্দ,অসমৃদ্দ,অসমৃদ্ধ,0,0
অভিকারী,অবিকারী,অবিকারী,অবিকারী,অবিকারী,1,1
অক্সরটি,অক্ষরটি,অক্ষরটি,অক্ষরটি,অক্ষরটি,1,1
অষ্রধ্ধ,অশ্রদ্দ,অশ্রদ্দ,অশ্রদ্দ,অশ্রদ্ধ,0,0
অঝ্ঞতার,অজ্ঞতার,অজ্ঞতার,অজ্ঞতার,অজ্ঞতার,1,1
অংসীদার,অংশীদার,অংশীদার,অংশীদার,অংশীদার,1,1
আত্মধান,আত্মদান,আত্মদান,আত্মদান,আত্মদান,1,1
অর্শাণো,অর্সানো,অর্সানো,অর্সানো,অর্শানো,0,0
অভলম্বী,অবলম্বী,অবলম্বী,অবলম্বী,অবলম্বী,1,1
অসাঝণ্ত,অশাজন্ত,অশাজন্ত,অশাজন্ত,অসাজন্ত,0,0
অবদ্রতা,অবদ্রতা,অবদ্রতা,অবদ্রতা,অভদ্রতা,0,0
অণকেবার,অনকেবার,অনকেবার,অনকেবার,অনকেবার,1,1
অণ্যধেহ,অন্যদেহ,অন্যদেহ,অন্যদেহ,অন্যদেহ,1,1
অগ্রশ্থ,অগ্রস্থ,অগ্রস্থ,অগ্রস্থ,অগ্রস্থ,1,1
আপ্জায়ক,আপ্জায়ক,আপ্জায়ক,আপ্জায়ক,আপ্যায়ক,0,0
অত্রশ্থ,অত্রস্থ,অত্রস্থ,অত্রস্থ,অত্রস্থ,1,1
আকাষগলা,আকাশগলা,আকাশগলা,আকাশগলা,আকাশগলা,1,1
অণাদায়্,অনাদায়্,অনাদায়্,অনাদায়্,অনাদায়্,1,1
অর্থনাষ,অর্থনাশ,অর্থনাশ,অর্থনাশ,অর্থনাশ,1,1
অফ্রতীত,অপ্রতীত,অপ্রতীত,অপ্রতীত,অপ্রতীত,1,1
আজবখাণা,আজবখানা,আজবখানা,আজবখানা,আজবখানা,1,1
অপরণ্তু,অপরন্তু,অপরন্তু,অপরন্তু,অপরন্তু,1,1
অবক্ষ্জ,অবক্ষ্য,অবক্ষ্য,অবক্ষ্য,অভক্ষ্য,0,0
অণারোগ্,অনারোগ্,অনারোগ্,অনারোগ্,অনারোগ্,1,1
অমনোঝোগ,অমনোজোগ,অমনোজোগ,অমনোজোগ,অমনোযোগ,0,0
অঝণ্মন্,অজন্মন্,অজন্মন্,অজন্মন্,অজন্মন্,1,1
আটকফালী,আটকপালী,আটকপালী,আটকপালী,আটকপালী,1,1
অছালনীয়,অচালনীয়,অচালনীয়,অচালনীয়,অচালনীয়,1,1
অশম্মতি,অসম্মতি,অসম্মতি,অসম্মতি,অসম্মতি,1,1
অধ্ধাআর,অদ্দাদর,অদ্দাদর,অদ্দাদর,অদ্ধাআর,0,0
অধ<unk>সিরা,অধ<unk>শিরা,অধ<unk>শিরা,অধ<unk>শিরা,অধ<unk>শিরা,1,1
আগেয়াণী,আগেয়ানী,আগেয়ানী,আগেয়ানী,আগেয়ানী,1,1
আছরনজাত,আচরণজাত,আচরণজাত,আচরণজাত,আচরণজাত,1,1
আধিক্জে,আদিক্যে,আদিক্যে,আদিক্যে,আধিক্যে,0,0
আচাবুয়া,আচাবুয়া,আচাবুয়া,আচাবুয়া,আচাভুয়া,0,0
অফরাধের,অপরাদের,অপরাদের,অপরাদের,অপরাধের,0,0
আণিয়াছে,আনিয়াচে,আনিয়াচে,আনিয়াচে,আনিয়াছে,0,0
অণফেক্ষ,অনপেক্ষ,অনপেক্ষ,অনপেক্ষ,অনপেক্ষ,1,1
অনুজায়ী,অনুজায়ী,অনুজায়ী,অনুজায়ী,অনুযায়ী,0,0
আখ্ঝায়ক,আখ্যায়ক,আখ্যায়ক,আখ্যায়ক,আখ্যায়ক,1,1
আফোরান্,আপোরান্,আপোরান্,আপোরান্,আপোরান্,1,1
আঁদিয়ার,আঁদিয়ার,আঁদিয়ার,আঁদিয়ার,আঁধিয়ার,0,0
অতৃফ্তি,অতৃপ্তি,অতৃপ্তি,অতৃপ্তি,অতৃপ্তি,1,1
আংগিণায়,আংগিনায়,আংগিনায়,আংগিনায়,আংগিনায়,1,1
অভহেলার,অবহেলার,অবহেলার,অবহেলার,অবহেলার,1,1
আভারাহ্,আবারাহ্,আবারাহ্,আবারাহ্,আবারাহ্,1,1
অভমানিত,অবমানিত,অবমানিত,অবমানিত,অবমানিত,1,1
অপব্জয়ী,অপব্যয়ী,অপব্যয়ী,অপব্যয়ী,অপব্যয়ী,1,1
অরোভিন্,অরোবিন্,অরোবিন্,অরোবিন্,অরোবিন্,1,1
আদিস্টা,আদিষ্টা,আদিষ্টা,আদিষ্টা,আদিষ্টা,1,1
অভদ্যতা,অবদ্যতা,অবদ্যতা,অবদ্যতা,অবধ্যতা,0,0
অনুষারী,অনুসারী,অনুসারী,অনুসারী,অনুসারী,1,1
আ<unk>নযীবী,আইনজীবী,আইনজীবী,আইনজীবী,আইনজীবী,1,1
অবিলাষী,অবিলাশী,অবিলাশী,অবিলাশী,অভিলাষী,0,0
অংংরসণা,অংংরসণা,অংংরসণা,অংংরসণা,অংংরসনা,0,0
অভোশাণ্,অবোশান্,অবোশান্,অবোশান্,অবোশান্,1,1
অফোরাধ্,অপোরাদ্,অপোরাদ্,অপোরাদ্,অপোরাধ্,0,0
আগুভাড়ী,আগুবাড়ী,আগুবাড়ী,আগুবাড়ী,আগুবাড়ী,1,1
আণাগোনা,আনাগোনা,আনাগোনা,আনাগোনা,আনাগোনা,1,1
আফণাকে<unk>,আপনাকে<unk>,আপনাকে<unk>,আপনাকে<unk>,আপনাকেই,0,0
অণ্যত্ভ,অন্যত্ব,অন্যত্ব,অন্যত্ব,অন্যত্ব,1,1
অফোকার্,অপোকার্,অপোকার্,অপোকার্,অপোকার্,1,1
অস<unk>শ্ঠভ,অশ<unk>শ্ঠব,অশ<unk>শ্ঠব,অশ<unk>শ্ঠব,অস<unk>ষ্ঠব,0,0
আঞ্ছলিক,আঞ্চলিক,আঞ্চলিক,আঞ্চলিক,আঞ্চলিক,1,1
অণারভ্ধ,অনারব্দ,অনারব্দ,অনারব্দ,অনারব্ধ,0,0
অধরকারী,অধরকারী,অধরকারী,অধরকারী,অদরকারী,0,0
অণুভুতি,অনুবুতি,অনুবুতি,অনুবুতি,অনুভুতি,0,0
অশহযোগী,অশহজোগী,অশহজোগী,অশহজোগী,অসহযোগী,0,0
অপিণদ্ধ,অপিনদ্দ,অপিনদ্দ,অপিনদ্দ,অপিনদ্ধ,0,0
অর্ধবাগ,অর্ধবাগ,অর্ধবাগ,অর্ধবাগ,অর্ধভাগ,0,0
আণন্ধিত,আনন্দিত,আনন্দিত,আনন্দিত,আনন্দিত,1,1
আখাম্ভা,আখাম্বা,আখাম্বা,আখাম্বা,আখাম্বা,1,1
অগষ্ত্য,অগস্ত্য,অগস্ত্য,অগস্ত্য,অগস্ত্য,1,1
অধিধ<unk>ভত,অধিদ<unk>বত,অধিদ<unk>বত,অধিদ<unk>বত,অধিদ<unk>বত,1,1
অণাদায়ি,অনাদায়ি,অনাদায়ি,অনাদায়ি,অনাদায়ি,1,1
আফ্তকাম,আপ্তকাম,আপ্তকাম,আপ্তকাম,আপ্তকাম,1,1
অনুতফ্ত,অনুতপ্ত,অনুতপ্ত,অনুতপ্ত,অনুতপ্ত,1,1
অনদিকৃত,অনদিকৃত,অনদিকৃত,অনদিকৃত,অনধিকৃত,0,0
অষাষ্বত,অশাশ্বত,অশাশ্বত,অশাশ্বত,অশাশ্বত,1,1
আগাফাস্,আগাপাশ্,আগাপাশ্,আগাপাশ্,আগাপাস্,0,0
অশাদারণ,অসাদারণ,অসাদারণ,অসাদারণ,অসাধারণ,0,0
আটফুত্র,আটপুত্র,আটপুত্র,আটপুত্র,আটপুত্র,1,1
অনুফাতে,অনুপাতে,অনুপাতে,অনুপাতে,অনুপাতে,1,1
অপ্রভীণ,অপ্রবীন,অপ্রবীন,অপ্রবীন,অপ্রবীণ,0,0
অঞ্জণের,অঞ্জনের,অঞ্জনের,অঞ্জনের,অঞ্জনের,1,1
অন্দ্লা,অন্দ্লা,অন্দ্লা,অন্দ্লা,অন্ধ্লা,0,0
আভখোরাহ,আবখোরাহ,আবখোরাহ,আবখোরাহ,আবখোরাহ,1,1
অসণ্তোষ,অশন্তোশ,অশন্তোশ,অশন্তোশ,অসন্তোষ,0,0
অনুরনিত,অনুরণিত,অনুরণিত,অনুরণিত,অনুরণিত,1,1
আঁটিষার,আঁটিসার,আঁটিসার,আঁটিসার,আঁটিসার,1,1
আঁকাসির,আঁকাশির,আঁকাশির,আঁকাশির,আঁকাশির,1,1
অলঙ্<unk>্ঝ,অলঙ্<unk>্য,অলঙ্<unk>্য,অলঙ্<unk>্য,অলঙ্<unk>্য,1,1
অসম্ভৃত,অসম্বৃত,অসম্বৃত,অসম্বৃত,অসম্বৃত,1,1
অমদুরতা,অমদুরতা,অমদুরতা,অমদুরতা,অমধুরতা,0,0
আতিফাতি,আতিপাতি,আতিপাতি,আতিপাতি,আতিপাতি,1,1
অছেতনার,অচেতনার,অচেতনার,অচেতনার,অচেতনার,1,1
অংসটিকে,অংশটিকে,অংশটিকে,অংশটিকে,অংশটিকে,1,1
অত্যদিত,অত্যদিত,অত্যদিত,অত্যদিত,অত্যধিত,0,0
অল্ফতনু,অল্পতনু,অল্পতনু,অল্পতনু,অল্পতনু,1,1
আণ্দাঝি,আন্দাজি,আন্দাজি,আন্দাজি,আন্দাজি,1,1
অফোমৃত্,অপোমৃত্,অপোমৃত্,অপোমৃত্,অপোমৃত্,1,1
অছিরকাল,অচিরকাল,অচিরকাল,অচিরকাল,অচিরকাল,1,1
অভিবাধে,অবিবাদে,অবিবাদে,অবিবাদে,অবিবাদে,1,1
আকষ্মা<unk>,আকস্মা<unk>,আকস্মা<unk>,আকস্মা<unk>,আকস্মা<unk>,1,1
অণুভভের,অনুববের,অনুববের,অনুববের,অনুভবের,0,0
অণুমিতি,অনুমিতি,অনুমিতি,অনুমিতি,অনুমিতি,1,1
অষুবিধা,অশুবিদা,অশুবিদা,অশুবিদা,অশুবিধা,0,0
অভিদিতো,অবিদিতো,অবিদিতো,অবিদিতো,অবিদিতো,1,1
অণ্যেরা,অন্যেরা,অন্যেরা,অন্যেরা,অন্যেরা,1,1
অদোমুখে,অধোমুখে,অধোমুখে,অধোমুখে,অধোমুখে,1,1
অবিবাবক,অবিবাবক,অবিবাবক,অবিবাবক,অভিভাবক,0,0
অরুনিমা,অরুনিমা,অরুনিমা,অরুনিমা,অরুণিমা,0,0
অশংসক্ত,অশংসক্ত,অশংসক্ত,অশংসক্ত,অসংসক্ত,0,0
অবাবিতো,অবাবিতো,অবাবিতো,অবাবিতো,অভাবিতো,0,0
আনর্থ্ঝ,আনর্থ্য,আনর্থ্য,আনর্থ্য,আনর্থ্য,1,1
অন্জভিধ,অন্যবিদ,অন্যবিদ,অন্যবিদ,অন্যবিধ,0,0
অঙ্কটাঈ,অঙ্কটাই,অঙ্কটাই,অঙ্কটাই,অঙ্কটাই,1,1
অঙ্কোণ্,অঙ্কোন্,অঙ্কোন্,অঙ্কোন্,অঙ্কোন্,1,1
অকম্ফ্র,অকম্প্র,অকম্প্র,অকম্প্র,অকম্প্র,1,1
অদোরেখা,অধোরেখা,অধোরেখা,অধোরেখা,অধোরেখা,1,1
অরূফেরে,অরূপেরে,অরূপেরে,অরূপেরে,অরূপেরে,1,1
আঞ্জণেয়,আঞ্জনেয়,আঞ্জনেয়,আঞ্জনেয়,আঞ্জনেয়,1,1
আছাভুয়ো,আচাবুয়ো,আচাবুয়ো,আচাবুয়ো,আচাভুয়ো,0,0
অনীশ্ভর,অনীশ্বর,অনীশ্বর,অনীশ্বর,অনীশ্বর,1,1
আমধানির,আমদানির,আমদানির,আমদানির,আমদানির,1,1
অণুযোগী,অনুজোগী,অনুজোগী,অনুজোগী,অনুযোগী,0,0
অত্যল্ফ,অত্যল্প,অত্যল্প,অত্যল্প,অত্যল্প,1,1
অধিরোহন,অধিরোহন,অধিরোহন,অধিরোহন,অধিরোহণ,0,0
অদুণাতন,অধুনাতন,অধুনাতন,অধুনাতন,অধুনাতন,1,1
আত্মশার,আত্মসার,আত্মসার,আত্মসার,আত্মসার,1,1
অসিফত্র,অশিপত্র,অশিপত্র,অশিপত্র,অসিপত্র,0,0
অশামাণ্,অশামান্,অশামান্,অশামান্,অশামান্,1,1
অ্জাটম্,অ্যাটম্,অ্যাটম্,অ্যাটম্,অ্যাটম্,1,1
আভাথাবা,আবাথাবা,আবাথাবা,আবাথাবা,আবাথাবা,1,1
অণুদ্দেষ,অনুদ্দেশ,অনুদ্দেশ,অনুদ্দেশ,অনুদ্দেশ,1,1
অলাতসিলা,অলাতসিলা,অলাতসিলা,অলাতসিলা,অলাতশিলা,0,0
অঝিতবংশয,অজিতবংশ,অজিতবংশ,অজিতবংশ,অজিতবংশজ,0,0
আত্মধমনে,আত্মদমনে,আত্মদমনে,আত্মদমনে,আত্মদমনে,1,1
অভিফ্লুত,অবিপ্লুত,অবিপ্লুত,অবিপ্লুত,অভিপ্লুত,0,0
অমরাভতীর,অমরাবতীর,অমরাবতীর,অমরাবতীর,অমরাবতীর,1,1
অবিজুক্ত,অবিযুক্ত,অবিযুক্ত,অবিযুক্ত,অবিযুক্ত,1,1
আপিম<unk>টিত,আপিম<unk>টিত,আপিম<unk>টিত,আপিম<unk>টিত,আফিম<unk>টিত,0,0
অণহঙ্কার,অনহঙ্কার,অনহঙ্কার,অনহঙ্কার,অনহঙ্কার,1,1
অদিষ্ঠিত,অধিষ্ঠিত,অধিষ্ঠিত,অধিষ্ঠিত,অধিষ্ঠিত,1,1
অনুচ্চেধ,অনুচ্ছে,অনুচ্ছে,অনুচ্ছে,অনুচ্ছেদ,0,0
অকৃতণামী,অকৃতনামী,অকৃতনামী,অকৃতনামী,অকৃতনামী,1,1
অনারোগ্জ,অনারোগ্য,অনারোগ্য,অনারোগ্য,অনারোগ্য,1,1
অনুফকারক,অনুপকারক,অনুপকারক,অনুপকারক,অনুপকারক,1,1
অষামান্য,অসামান্য,অসামান্য,অসামান্য,অসামান্য,1,1
অফ্রতিহত,অপ্রতিহত,অপ্রতিহত,অপ্রতিহত,অপ্রতিহত,1,1
অভেনিষঙ্,অবেনিশঙ্,অবেনিশঙ্,অবেনিশঙ্,অবেনিসঙ্,0,0
অকালফক্ক,অকালপক্ক,অকালপক্ক,অকালপক্ক,অকালপক্ক,1,1
আণ্দাযের,আন্দাজের,আন্দাজের,আন্দাজের,আন্দাজের,1,1
অরর্ননীয়,অরর্নণীয়,অরর্নণীয়,অরর্নণীয়,অরর্ণনীয়,0,0
অর্থকশ্ট,অর্থকষ্ট,অর্থকষ্ট,অর্থকষ্ট,অর্থকষ্ট,1,1
অর্দনারী,অর্ধনারী,অর্ধনারী,অর্ধনারী,অর্ধনারী,1,1
অভ্যাকৃত,অব্যাকৃত,অব্যাকৃত,অব্যাকৃত,অব্যাকৃত,1,1
আণাড়িফনা,আনাড়িপণা,আনাড়িপণা,আনাড়িপণা,আনাড়িপনা,0,0
অপমাণযনক,অপমানজনক,অপমানজনক,অপমানজনক,অপমানজনক,1,1
অ্জামোন্,অ্যামোন্,অ্যামোন্,অ্যামোন্,অ্যামোন্,1,1
অণুবর্তণ,অনুবর্তণ,অনুবর্তণ,অনুবর্তণ,অনুবর্তন,0,0
অমণোণয়ন্,অমনোনয়ন্,অমনোনয়ন্,অমনোনয়ন্,অমনোনয়ন্,1,1
অচূর্নিত,অচূর্ণিত,অচূর্ণিত,অচূর্ণিত,অচূর্ণিত,1,1
অশ্ভারোহ,অশ্বারোহ,অশ্বারোহ,অশ্বারোহ,অশ্বারোহ,1,1
আপ্রিকায়,আপ্রিকায়,আপ্রিকায়,আপ্রিকায়,আফ্রিকায়,0,0
অণিন্ধিত,অনিন্দিত,অনিন্দিত,অনিন্দিত,অনিন্দিত,1,1
অঙ্কভঙ্ক,অঙ্কবঙ্ক,অঙ্কবঙ্ক,অঙ্কবঙ্ক,অঙ্কবঙ্ক,1,1
অসো<unk>হার্,অশো<unk>হার্,অশো<unk>হার্,অশো<unk>হার্,অশো<unk>হার্,1,1
অক্সমালা,অক্ষমালা,অক্ষমালা,অক্ষমালা,অক্ষমালা,1,1
আছ্ছাদিল,আচ্ছাদিল,আচ্ছাদিল,আচ্ছাদিল,আচ্ছাদিল,1,1
অল্ফকিছু,অল্পকিচু,অল্পকিচু,অল্পকিচু,অল্পকিছু,0,0
অবিযোগের,অবিযোগের,অবিযোগের,অবিযোগের,অভিযোগের,0,0
আণুপাতিক,আনুপাতিক,আনুপাতিক,আনুপাতিক,আনুপাতিক,1,1
অণিবার্য,অনিবার্য,অনিবার্য,অনিবার্য,অনিবার্য,1,1
আঈয়ামবিজ,আইয়ামবি,আইয়ামবি,আইয়ামবি,আইয়ামবিজ,0,0
অপরিছিতা,অপরিচিতা,অপরিচিতা,অপরিচিতা,অপরিচিতা,1,1
আঙ্গিণায়,আঙ্গিনায়,আঙ্গিনায়,আঙ্গিনায়,আঙ্গিনায়,1,1
অভিদ্ভান,অবিদ্বান,অবিদ্বান,অবিদ্বান,অবিদ্বান,1,1
অশ্টমাংশ,অষ্টমাংশ,অষ্টমাংশ,অষ্টমাংশ,অষ্টমাংশ,1,1
অধিরাযের,অধিরাজের,অধিরাজের,অধিরাজের,অধিরাজের,1,1
আমরাশ্তা,আমরাস্তা,আমরাস্তা,আমরাস্তা,আমরাস্তা,1,1
অমুসলমাণ,অমুশলমান,অমুশলমান,অমুশলমান,অমুসলমান,0,0
অ্ঝাকটিং,অ্যাকটিং,অ্যাকটিং,অ্যাকটিং,অ্যাকটিং,1,1
অ্জাটোম্,অ্যাটোম্,অ্যাটোম্,অ্যাটোম্,অ্যাটোম্,1,1
অঙ্কলগ্ণ,অঙ্কলগ্ণ,অঙ্কলগ্ণ,অঙ্কলগ্ণ,অঙ্কলগ্ন,0,0
আণণ্ধদান,আনন্দদান,আনন্দদান,আনন্দদান,আনন্দদান,1,1
অণুরাগের,অনুরাগের,অনুরাগের,অনুরাগের,অনুরাগের,1,1
অভলম্ভনে,অবলম্বণে,অবলম্বণে,অবলম্বণে,অবলম্বনে,0,0
অকর্মন্য,অকর্মণ্য,অকর্মণ্য,অকর্মণ্য,অকর্মণ্য,1,1
অবিছিণ্ণ,অবিচিন্ন,অবিচিন্ন,অবিচিন্ন,অবিছিন্ন,0,0
অক্টোফাস,অক্টোপাশ,অক্টোপাশ,অক্টোপাশ,অক্টোপাস,0,0
অতিবৃধ্দ,অতিবৃদ্দ,অতিবৃদ্দ,অতিবৃদ্দ,অতিবৃদ্ধ,0,0
আনন্ধনীফ,আনন্দনীপ,আনন্দনীপ,আনন্দনীপ,আনন্দনীপ,1,1
আতাঝাতীয়,আতাজাতীয়,আতাজাতীয়,আতাজাতীয়,আতাজাতীয়,1,1
অমিতভাশী,অমিতবাশী,অমিতবাশী,অমিতবাশী,অমিতভাষী,0,0
অ্যারোফ্,অ্যারোপ্,অ্যারোপ্,অ্যারোপ্,অ্যারোপ্,1,1
অণুকর্তা,অনুকর্তা,অনুকর্তা,অনুকর্তা,অনুকর্তা,1,1
অভ্জবসায়,অব্যবসায়,অব্যবসায়,অব্যবসায়,অব্যবসায়,1,1
অল্পভয়শে,অল্পবয়সে,অল্পবয়সে,অল্পবয়সে,অল্পবয়সে,1,1
অণায়ত্তি,অনায়ত্তি,অনায়ত্তি,অনায়ত্তি,অনায়ত্তি,1,1
অণ্ধহ<unk>য়া,অন্দহ<unk>য়া,অন্দহ<unk>য়া,অন্দহ<unk>য়া,অন্ধহ<unk>য়া,0,0
অহিতাচরন,অহিতাচরণ,অহিতাচরণ,অহিতাচরণ,অহিতাচরণ,1,1
অনভোতুল্,অনবোতুল্,অনবোতুল্,অনবোতুল্,অনবোতুল্,1,1
আদিফত্যে,আদিপত্যে,আদিপত্যে,আদিপত্যে,আধিপত্যে,0,0
অভিবাহিত,অবিবাহিত,অবিবাহিত,অবিবাহিত,অবিবাহিত,1,1
অণিন্দ্জ,অনিন্দ্য,অনিন্দ্য,অনিন্দ্য,অনিন্দ্য,1,1
অবীফ্সার,অবীপ্ষার,অবীপ্ষার,অবীপ্ষার,অভীপ্সার,0,0
অগ্নিধাহ,অগ্নিদাহ,অগ্নিদাহ,অগ্নিদাহ,অগ্নিদাহ,1,1
অশিভিশেষ,অশিবিশেষ,অশিবিশেষ,অশিবিশেষ,অসিবিশেষ,0,0
অণুলেপিত,অনুলেপিত,অনুলেপিত,অনুলেপিত,অনুলেপিত,1,1
অবিশঙ্কী,অবিসঙ্কী,অবিসঙ্কী,অবিসঙ্কী,অভিশঙ্কী,0,0
আ<unk>্<unk>াভাজ,আই্ডাবাজ,আই্ডাবাজ,আই্ডাবাজ,আড্ডাবাজ,0,0
অভ্জস্তা,অব্যস্তা,অব্যস্তা,অব্যস্তা,অভ্যস্তা,0,0
অষুবদায়ক,অশুবদায়ক,অশুবদায়ক,অশুবদায়ক,অশুভদায়ক,0,0
আছরণকারী,আচরনকারী,আচরনকারী,আচরনকারী,আচরণকারী,0,0
অশ্রধ্ধা,অস্রদ্দা,অস্রদ্দা,অস্রদ্দা,অশ্রদ্ধা,0,0
অভাদ্যের,অবাদ্যের,অবাদ্যের,অবাদ্যের,অবাধ্যের,0,0
অস<unk>চকালে,অশ<unk>চকালে,অশ<unk>চকালে,অশ<unk>চকালে,অশ<unk>চকালে,1,1
আদরজত্নে,আদরজত্নে,আদরজত্নে,আদরজত্নে,আদরযত্নে,0,0
অণিদ্রায়,অনিদ্রায়,অনিদ্রায়,অনিদ্রায়,অনিদ্রায়,1,1
অর্থলাবে,অর্থলাবে,অর্থলাবে,অর্থলাবে,অর্থলাভে,0,0
আপিঙ্গের,আপিঙ্গের,আপিঙ্গের,আপিঙ্গের,আফিঙ্গের,0,0
অবিখ্জাত,অবিখ্যাত,অবিখ্যাত,অবিখ্যাত,অবিখ্যাত,1,1
অভোতরোন্,অবোতরোন্,অবোতরোন্,অবোতরোন্,অবোতরোন্,1,1
আদিদ<unk>ভিক,আধিদ<unk>বিক,আধিদ<unk>বিক,আধিদ<unk>বিক,আধিদ<unk>বিক,1,1
অশঙ্কণীয়,অসঙ্কনীয়,অসঙ্কনীয়,অসঙ্কনীয়,অশঙ্কনীয়,0,0
আবিমুখ্য,আবিমুখ্য,আবিমুখ্য,আবিমুখ্য,আভিমুখ্য,0,0
অনুশূছনা,অনুশূচনা,অনুশূচনা,অনুশূচনা,অনুসূচনা,0,0
আদিকাব্ঝ,আদিকাব্য,আদিকাব্য,আদিকাব্য,আদিকাব্য,1,1
অসংকীর্ন,অসংকীর্ণ,অসংকীর্ণ,অসংকীর্ণ,অসংকীর্ণ,1,1
অকিণ্ছোন,অকিন্চোন,অকিন্চোন,অকিন্চোন,অকিন্চোন,1,1
অণ্যপক্স,অন্যপক্ষ,অন্যপক্ষ,অন্যপক্ষ,অন্যপক্ষ,1,1
অন্ঝোন্ঝ,অন্যোন্য,অন্যোন্য,অন্যোন্য,অন্যোন্য,1,1
আগভাড়ানো,আগবাড়ানো,আগবাড়ানো,আগবাড়ানো,আগবাড়ানো,1,1
অঞ্যলিয়া,অঞ্জলিয়া,অঞ্জলিয়া,অঞ্জলিয়া,অঞ্জলিয়া,1,1
অশ<unk>কার্য,অশ<unk>কার্য,অশ<unk>কার্য,অশ<unk>কার্য,অস<unk>কার্য,0,0
অশ্ত্রীক,অস্ত্রীক,অস্ত্রীক,অস্ত্রীক,অস্ত্রীক,1,1
অফ্রোকৃত,অপ্রোকৃত,অপ্রোকৃত,অপ্রোকৃত,অপ্রোকৃত,1,1
অন্নবোঝন,অন্নবোজ,অন্নবোজ,অন্নবোজ,অন্নভোজন,0,0
অণ্দচক্র,অন্দচক্র,অন্দচক্র,অন্দচক্র,অন্ধচক্র,0,0
অল্ফখনিক,অল্পীনিক,অল্পীনিক,অল্পীনিক,অল্পখনিক,0,0
আনুপূর্ভ,আনুপূর্ব,আনুপূর্ব,আনুপূর্ব,আনুপূর্ব,1,1
অপ্রচণ্<unk>,অপ্রচন্ড,অপ্রচন্ড,অপ্রচন্ড,অপ্রচণ্ড,0,0
অলিজিহভা,অলিজিহবা,অলিজিহবা,অলিজিহবা,অলিজিহবা,1,1
অশো<unk>ণিক্,অশো<unk>নিক্,অশো<unk>নিক্,অশো<unk>নিক্,অশোইনিক্,0,0
অসহিশ্নু,অশহিষ্ণু,অশহিষ্ণু,অশহিষ্ণু,অসহিষ্ণু,0,0
অবিমণ্যু,অবিমন্যু,অবিমন্যু,অবিমন্যু,অভিমন্যু,0,0
অতিধীর্<unk>,অতিদীর্ড,অতিদীর্ড,অতিদীর্ড,অতিদীর্<unk>,0,0
অনিছ্ছায়,অনিচ্ছায়,অনিচ্ছায়,অনিচ্ছায়,অনিচ্ছায়,1,1
অণ্ত<unk>পুর,অন্ত<unk>পুর,অন্ত<unk>পুর,অন্ত<unk>পুর,অন্ত<unk>পুর,1,1
অম্ভোদির,অম্বোদির,অম্বোদির,অম্বোদির,অম্ভোধির,0,0
অণুফফন্ন,অনুপপন্ণ,অনুপপন্ণ,অনুপপন্ণ,অনুপপন্ন,0,0
অ্ঝাকাকি,অ্যাকাকি,অ্যাকাকি,অ্যাকাকি,অ্যাকাকি,1,1
অত্যাণ্ত,অত্যান্ত,অত্যান্ত,অত্যান্ত,অত্যান্ত,1,1
আগ্রহযনক,আগ্রহজনক,আগ্রহজনক,আগ্রহজনক,আগ্রহজনক,1,1
আণন্ধরসে,আনন্দরসে,আনন্দরসে,আনন্দরসে,আনন্দরসে,1,1
অশম্ভবকে,অসম্ববকে,অসম্ববকে,অসম্ববকে,অসম্ভবকে,0,0
অমাণুষের,অমানুশের,অমানুশের,অমানুশের,অমানুষের,0,0
আ<unk>ণমাফিক,আইনমাপিক,আইনমাপিক,আইনমাপিক,আইনমাফিক,0,0
অণুমতিটা,অনুমতিটা,অনুমতিটা,অনুমতিটা,অনুমতিটা,1,1
অভিঝ্ঞতা,অবিজ্ঞতা,অবিজ্ঞতা,অবিজ্ঞতা,অভিজ্ঞতা,0,0
অশ্ভসাদী,অশ্বসাদী,অশ্বসাদী,অশ্বসাদী,অশ্বসাদী,1,1
আধায়কারী,আদায়কারী,আদায়কারী,আদায়কারী,আদায়কারী,1,1
আঁচলখাণি,আঁচলখানি,আঁচলখানি,আঁচলখানি,আঁচলখানি,1,1
অষ্তগিরি,অস্তগিরি,অস্তগিরি,অস্তগিরি,অস্তগিরি,1,1
অসুভিধায়,অশুবিদায়,অশুবিদায়,অশুবিদায়,অসুবিধায়,0,0
অদ্যারোফ,অধ্যারোপ,অধ্যারোপ,অধ্যারোপ,অধ্যারোপ,1,1
অযানিতের,অজানিতের,অজানিতের,অজানিতের,অজানিতের,1,1
অণুষঙ্গী,অনুসঙ্গী,অনুসঙ্গী,অনুসঙ্গী,অনুষঙ্গী,0,0
অকুস্ঠিত,অকুষ্ঠিত,অকুষ্ঠিত,অকুষ্ঠিত,অকুষ্ঠিত,1,1
অল্ফকালে,অল্পকালে,অল্পকালে,অল্পকালে,অল্পকালে,1,1
আঁযলাকরণ,আঁজলাকরণ,আঁজলাকরণ,আঁজলাকরণ,আঁজলাকরণ,1,1
অর্দপথে<unk>,অর্ধপথে<unk>,অর্ধপথে<unk>,অর্ধপথে<unk>,অর্ধপথেই,0,0
অচ্চত্তে,অচ্চত্তে,অচ্চত্তে,অচ্চত্তে,অচ্ছত্তে,0,0
আকুণ্চণ্,আকুন্চন্,আকুন্চন্,আকুন্চন্,আকুন্চন্,1,1
অর্ধহশ্ত,অর্ধহস্ত,অর্ধহস্ত,অর্ধহস্ত,অর্ধহস্ত,1,1
অক্শরেখা,অক্ষরেখা,অক্ষরেখা,অক্ষরেখা,অক্ষরেখা,1,1
অন্ভিষ্ট,অন্বিষ্ট,অন্বিষ্ট,অন্বিষ্ট,অন্বিষ্ট,1,1
অনুভন্দী,অনুবন্দী,অনুবন্দী,অনুবন্দী,অনুবন্ধী,0,0
অধ্জাত্ম,অদ্যাত্ম,অদ্যাত্ম,অদ্যাত্ম,অধ্যাত্ম,0,0
অনব্যষ্ত,অনব্যস্ত,অনব্যস্ত,অনব্যস্ত,অনভ্যস্ত,0,0
অম্লীকরন,অম্লীকরণ,অম্লীকরণ,অম্লীকরণ,অম্লীকরণ,1,1
আছণ্বিতে,আচন্বিতে,আচন্বিতে,আচন্বিতে,আচন্বিতে,1,1
আণণ্দেরি,আনন্দেরি,আনন্দেরি,আনন্দেরি,আনন্দেরি,1,1
অহিতাছার,অহিতাচার,অহিতাচার,অহিতাচার,অহিতাচার,1,1
অবর্জণীয়,অবর্জনীয়,অবর্জনীয়,অবর্জনীয়,অবর্জনীয়,1,1
অর্থণীতি,অর্থনীতি,অর্থনীতি,অর্থনীতি,অর্থনীতি,1,1
আচ্ছিণ্ণ,আচ্ছিন্ন,আচ্ছিন্ন,আচ্ছিন্ন,আচ্ছিন্ন,1,1
অক্টোভর্,অক্টোবর্,অক্টোবর্,অক্টোবর্,অক্টোবর্,1,1
অণ্তরস্থ,অন্তরস্থ,অন্তরস্থ,অন্তরস্থ,অন্তরস্থ,1,1
অণুধাভিত,অনুদাবিত,অনুদাবিত,অনুদাবিত,অনুধাবিত,0,0
অপরাধিণী,অপরাদিনী,অপরাদিনী,অপরাদিনী,অপরাধিনী,0,0
অস্ভশালা,অশ্বসালা,অশ্বসালা,অশ্বসালা,অশ্বশালা,0,0
অসহঝোগের,অশহজোগের,অশহজোগের,অশহজোগের,অসহযোগের,0,0
অযিনধারী,অজিনদারী,অজিনদারী,অজিনদারী,অজিনধারী,0,0
আঁসযুক্ত,আঁশযুক্ত,আঁশযুক্ত,আঁশযুক্ত,আঁশযুক্ত,1,1
অষ্রুময়ী,অশ্রুময়ী,অশ্রুময়ী,অশ্রুময়ী,অশ্রুময়ী,1,1
অমিতভ্যয়,অমিতব্যয়,অমিতব্যয়,অমিতব্যয়,অমিতব্যয়,1,1
আদিরাজ্জ,আদিরাজ্য,আদিরাজ্য,আদিরাজ্য,আধিরাজ্য,0,0
আভিছারিক,আবিচারিক,আবিচারিক,আবিচারিক,আভিচারিক,0,0
অবিপ্রায়,অবিপ্রায়,অবিপ্রায়,অবিপ্রায়,অভিপ্রায়,0,0
অসঙ্কিনী,অসঙ্কিনী,অসঙ্কিনী,অসঙ্কিনী,অশঙ্কিনী,0,0
অভোচয়োণ্,অবোচয়োন্,অবোচয়োন্,অবোচয়োন্,অবোচয়োন্,1,1
অবিছ্ঝুত,অবিচ্যুত,অবিচ্যুত,অবিচ্যুত,অবিচ্যুত,1,1
অনাকর্শণ,অনাকর্ষণ,অনাকর্ষণ,অনাকর্ষণ,অনাকর্ষণ,1,1
অযোদ্যায়,অজোদ্যায়,অজোদ্যায়,অজোদ্যায়,অযোধ্যায়,0,0
আতঙ্কজণক,আতঙ্কজনক,আতঙ্কজনক,আতঙ্কজনক,আতঙ্কজনক,1,1
অগুরুমেধ,অগুরুমেদ,অগুরুমেদ,অগুরুমেদ,অগুরুমেদ,1,1
অ্যারেশ্,অ্যারেশ্,অ্যারেশ্,অ্যারেশ্,অ্যারেস্,0,0
অফ্রোজত্,অপ্রোজত্,অপ্রোজত্,অপ্রোজত্,অপ্রোজত্,1,1
আবরণহীণা,আবরণহীনা,আবরণহীনা,আবরণহীনা,আভরণহীনা,0,0
অভিনয়াধি,অবিনয়াদি,অবিনয়াদি,অবিনয়াদি,অভিনয়াদি,0,0
অভমূর্ধা,অবমূর্দা,অবমূর্দা,অবমূর্দা,অবমূর্ধা,0,0
অণাস্বাধ,অনাশ্বাদ,অনাশ্বাদ,অনাশ্বাদ,অনাস্বাদ,0,0
আগলা<unk>ভার,আগলাইবার,আগলাইবার,আগলাইবার,আগলাইবার,1,1
অণ্ণাভাব,অন্নাবাব,অন্নাবাব,অন্নাবাব,অন্নাভাব,0,0
অল্ফভাসী,অল্পবাশী,অল্পবাশী,অল্পবাশী,অল্পভাষী,0,0
আপাতকঠিণ,আপাতকিিণ,আপাতকিিণ,আপাতকিিণ,আপাতকঠিন,0,0
আণারকলির,আনারকলির,আনারকলির,আনারকলির,আনারকলির,1,1
অণুশীলণী,অনুশীলনী,অনুশীলনী,অনুশীলনী,অনুশীলনী,1,1
অ্জাকার্,অ্যাকার্,অ্যাকার্,অ্যাকার্,অ্যাকার্,1,1
অবষ্থাটা,অবস্থাটা,অবস্থাটা,অবস্থাটা,অবস্থাটা,1,1
আত্মফীড়া,আত্মপীড়া,আত্মপীড়া,আত্মপীড়া,আত্মপীড়া,1,1
আভহা<unk>য়ার,আবহা<unk>য়ার,আবহা<unk>য়ার,আবহা<unk>য়ার,আবহা<unk>য়ার,1,1
অণিত্যতা,অনিত্যতা,অনিত্যতা,অনিত্যতা,অনিত্যতা,1,1
অদিকন্তু,অধিকন্তু,অধিকন্তু,অধিকন্তু,অধিকন্তু,1,1
আফাণ্<unk>ুর,আপান্ডুর,আপান্ডুর,আপান্ডুর,আপাণ্ডুর,0,0
অণিন্ধ্র,অনিন্দ্র,অনিন্দ্র,অনিন্দ্র,অনিন্দ্র,1,1
অতর্কণীয়,অতর্কনীয়,অতর্কনীয়,অতর্কনীয়,অতর্কনীয়,1,1
অভিদাণের,অবিদানের,অবিদানের,অবিদানের,অভিধানের,0,0
অফার্থিব,অপার্থিব,অপার্থিব,অপার্থিব,অপার্থিব,1,1
অবিলষণীয়,অবিলসনীয়,অবিলসনীয়,অবিলসনীয়,অভিলষণীয়,0,0
আত্মলীণা,আত্মলীনা,আত্মলীনা,আত্মলীনা,আত্মলীনা,1,1
অফ্রষংসা,অপ্রসংশা,অপ্রসংশা,অপ্রসংশা,অপ্রশংসা,0,0
অষমানভাভে,অসমানবাবে,অসমানবাবে,অসমানবাবে,অসমানভাবে,0,0
অশামাঝিক্,অশামাজিক্,অশামাজিক্,অশামাজিক্,অশামাজিক্,1,1
অণাথাশ্রম,অনাথাশ্রম,অনাথাশ্রম,অনাথাশ্রম,অনাথাশ্রম,1,1
অর্দবয়শ্ক,অর্ধবয়স্ক,অর্ধবয়স্ক,অর্ধবয়স্ক,অর্ধবয়স্ক,1,1
আন্তরিক্শ,আন্তরিক্ষ,আন্তরিক্ষ,আন্তরিক্ষ,আন্তরিক্ষ,1,1
অল্ফশ্রমে,অল্পস্রমে,অল্পস্রমে,অল্পস্রমে,অল্পশ্রমে,0,0
অণো<unk>ষোর্,অনো<unk>শোর্,অনো<unk>শোর্,অনো<unk>শোর্,অনোইশোর্,0,0
অনুফ্রভেশ,অনুপ্রবেষ,অনুপ্রবেষ,অনুপ্রবেষ,অনুপ্রবেশ,0,0
অশ্ফন্দিত,অশ্পন্দিত,অশ্পন্দিত,অশ্পন্দিত,অস্পন্দিত,0,0
অর্দেণ্দু,অর্দেন্দু,অর্দেন্দু,অর্দেন্দু,অর্ধেন্দু,0,0
অশণিফাতের,অশনিপাতের,অশনিপাতের,অশনিপাতের,অশনিপাতের,1,1
অষ্মমন্<unk>ল,অস্মমন্ডল,অস্মমন্ডল,অস্মমন্ডল,অশ্মমণ্ডল,0,0
অধূরবর্তী,অধূরবর্তী,অধূরবর্তী,অধূরবর্তী,অদূরবর্তী,0,0
অশ্রুভারি,অশ্রুবারি,অশ্রুবারি,অশ্রুবারি,অশ্রুবারি,1,1
অর্থসূন্জ,অর্থসূন্য,অর্থসূন্য,অর্থসূন্য,অর্থশূন্য,0,0
অতিথিসালা,অতিথিশালা,অতিথিশালা,অতিথিশালা,অতিথিশালা,1,1
অম্ভুভাচী,অম্বুবাচী,অম্বুবাচী,অম্বুবাচী,অম্বুবাচী,1,1
আদিকারিক্,আদিকারিক্,আদিকারিক্,আদিকারিক্,আধিকারিক্,0,0
অসমঞ্যধের,অসমঞ্যদের,অসমঞ্যদের,অসমঞ্যদের,অসমঞ্জদের,0,0
অনাক্রম্ঝ,অনাক্রম্য,অনাক্রম্য,অনাক্রম্য,অনাক্রম্য,1,1
অঙ্কুরোধ্,অঙ্কুরোদ্,অঙ্কুরোদ্,অঙ্কুরোদ্,অঙ্কুরোদ্,1,1
অণ্তর্হিত,অন্তর্হ,অন্তর্হ,অন্তর্হ,অন্তর্হিত,0,0
আঁতিফাঁতি,আঁতিপাঁত,আঁতিপাঁত,আঁতিপাঁত,আঁতিপাঁতি,0,0
আফধগ্রস্ত,আপদগ্রসত,আপদগ্রসত,আপদগ্রসত,আপদগ্রস্ত,0,0
অণুদ্যায়ী,অনুদ্যায়ী,অনুদ্যায়ী,অনুদ্যায়ী,অনুধ্যায়ী,0,0
অণাসক্তির,অনাসক্তির,অনাসক্তির,অনাসক্তির,অনাসক্তির,1,1
অক্ষোবিত,অক্ষোবিত,অক্ষোবিত,অক্ষোবিত,অক্ষোভিত,0,0
অদ্ঝাপিকা,অধ্যাপিকা,অধ্যাপিকা,অধ্যাপিকা,অধ্যাপিকা,1,1
অণুপোযোগ্,অনুপোজো,অনুপোজো,অনুপোজো,অনুপোজোগ্,0,0
অছরিতার্থ,অচরিতার্থ,অচরিতার্থ,অচরিতার্থ,অচরিতার্থ,1,1
অবশানকারী,অবসানকারী,অবসানকারী,অবসানকারী,অবসানকারী,1,1
অপোরিমাণ্,অপোরিমান্,অপোরিমান্,অপোরিমান্,অপোরিমান্,1,1
অর্দষুদ্ধ,অর্ধসুদ্ধ,অর্ধসুদ্ধ,অর্ধসুদ্ধ,অর্ধশুদ্ধ,0,0
অবেক্শনীয়,অবেক্ষণীয়,অবেক্ষণীয়,অবেক্ষণীয়,অবেক্ষণীয়,1,1
অসণ্দিগ্দ,অশন্দিগ্দ,অশন্দিগ্দ,অশন্দিগ্দ,অসন্দিগ্ধ,0,0
আয্ঞেয়িক<unk>,আজ্ঞেয়িক,আজ্ঞেয়িক,আজ্ঞেয়িক,আজ্ঞেয়িক<unk>,0,0
অফেক্ষমান,অপেক্ষমাণ,অপেক্ষমাণ,অপেক্ষমাণ,অপেক্ষমান,0,0
অনাশৃশ্টি,অনাসৃষ্ট,অনাসৃষ্ট,অনাসৃষ্ট,অনাসৃষ্টি,0,0
আত্মণিষ্ঠ,আত্মনিষ্ঠ,আত্মনিষ্ঠ,আত্মনিষ্ঠ,আত্মনিষ্ঠ,1,1
অঙ্গভিকার,অঙ্গবিকার,অঙ্গবিকার,অঙ্গবিকার,অঙ্গবিকার,1,1
অপ্রপুল্ল,অপ্রপুল্ল,অপ্রপুল্ল,অপ্রপুল্ল,অপ্রফুল্ল,0,0
অভিলম্বিত,অবিলম্বিত,অবিলম্বিত,অবিলম্বিত,অবিলম্বিত,1,1
অবিগ্রস্ত,অবিগ্রস্ত,অবিগ্রস্ত,অবিগ্রস্ত,অভিগ্রস্ত,0,0
অণ্ত্যমিল,অন্ত্যমিল,অন্ত্যমিল,অন্ত্যমিল,অন্ত্যমিল,1,1
অণ্ণপ্রিয়,অন্নপ্রিয়,অন্নপ্রিয়,অন্নপ্রিয়,অন্নপ্রিয়,1,1
অষুস্থতার,অশুস্থতার,অশুস্থতার,অশুস্থতার,অসুস্থতার,0,0
আবেদণফত্র,আবেদনপত্র,আবেদনপত্র,আবেদনপত্র,আবেদনপত্র,1,1
অণাদ্ঝন্ত,অনাদ্যন্ত,অনাদ্যন্ত,অনাদ্যন্ত,অনাদ্যন্ত,1,1
অণন্যোফায়,অনন্যোপায়,অনন্যোপায়,অনন্যোপায়,অনন্যোপায়,1,1
অকষ্টভদ্দ,অকষ্টবদ্ধ,অকষ্টবদ্ধ,অকষ্টবদ্ধ,অকষ্টবদ্ধ,1,1
অফ্রযুক্ত,অপ্রজুক্ত,অপ্রজুক্ত,অপ্রজুক্ত,অপ্রযুক্ত,0,0
অনোবিজাতো,অনোবিজাতো,অনোবিজাতো,অনোবিজাতো,অনোভিজাতো,0,0
অবশান্নতা,অবসান্নতা,অবসান্নতা,অবসান্নতা,অবসান্নতা,1,1
অম্ভুভাচি,অম্বুবাচি,অম্বুবাচি,অম্বুবাচি,অম্বুবাচি,1,1
অনুফদিশ্ট,অনুপদিষ্ট,অনুপদিষ্ট,অনুপদিষ্ট,অনুপদিষ্ট,1,1
আত্মাবিমত,আত্মাবিমত,আত্মাবিমত,আত্মাবিমত,আত্মাভিমত,0,0
অনালোছনীয়,অনালোচনীয়,অনালোচনীয়,অনালোচনীয়,অনালোচনীয়,1,1
অগ্নিধাহে,অগ্নিদাহে,অগ্নিদাহে,অগ্নিদাহে,অগ্নিদাহে,1,1
অবসণ্ণতার,অবসন্নতার,অবসন্নতার,অবসন্নতার,অবসন্নতার,1,1
অভনিমণ্<unk>ল,অবনিমন্ডল,অবনিমন্ডল,অবনিমন্ডল,অবনিমণ্ডল,0,0
অণ্তর্ভূত,অন্তর্ব,অন্তর্ব,অন্তর্ব,অন্তর্ভূত,0,0
অশ্রুদারে,অস্রুদারে,অস্রুদারে,অস্রুদারে,অশ্রুধারে,0,0
অক্শতশরীর,অক্ষতসরী,অক্ষতসরী,অক্ষতসরী,অক্ষতশরীর,0,0
অলক্ষ্জের,অলক্ষ্যের,অলক্ষ্যের,অলক্ষ্যের,অলক্ষ্যের,1,1
অফ্রোকৃতো,অপ্রোকৃতো,অপ্রোকৃতো,অপ্রোকৃতো,অপ্রোকৃতো,1,1
অলকাণন্ধা,অলকানন্দা,অলকানন্দা,অলকানন্দা,অলকানন্দা,1,1
অবিমাণাদি,অবিমানাদি,অবিমানাদি,অবিমানাদি,অভিমানাদি,0,0
আত্মবিশয়ে,আত্মবিশয়ে,আত্মবিশয়ে,আত্মবিশয়ে,আত্মবিষয়ে,0,0
অণুরঞ্জিত,অনুরঞ্জিত,অনুরঞ্জিত,অনুরঞ্জিত,অনুরঞ্জিত,1,1
অষ্পৃশ্যা,অশ্পৃষ্যা,অশ্পৃষ্যা,অশ্পৃষ্যা,অস্পৃশ্যা,0,0
অষ্বগন্দা,অশ্বগণ্ধা,অশ্বগণ্ধা,অশ্বগণ্ধা,অশ্বগন্ধা,0,0
আ<unk>য়াযতোলা,আ<unk>য়াজতোলা,আ<unk>য়াজতোলা,আ<unk>য়াজতোলা,আ<unk>য়াজতোলা,1,1
অঞ্ছলভেদে,অঞ্চলবেদে,অঞ্চলবেদে,অঞ্চলবেদে,অঞ্চলভেদে,0,0
অফোরিশিম্,অপোরিশিম্,অপোরিশিম্,অপোরিশিম্,অপোরিশিম্,1,1
অভোতারোন্,অবোতারোন্,অবোতারোন্,অবোতারোন্,অবোতারোন্,1,1
অদ্যয়ণগৃহ,অধ্যয়নগৃ,অধ্যয়নগৃ,অধ্যয়নগৃ,অধ্যয়নগৃহ,0,0
অণ্যাসক্ত,অন্যাসক্ত,অন্যাসক্ত,অন্যাসক্ত,অন্যাসক্ত,1,1
অত্যয়ফত্র,অত্যয়পত্র,অত্যয়পত্র,অত্যয়পত্র,অত্যয়পত্র,1,1
অফ্রসারিত,অপ্রসারিত,অপ্রসারিত,অপ্রসারিত,অপ্রসারিত,1,1
অমানুসিক<unk>,অমানুশিক,অমানুশিক,অমানুশিক,অমানুষিক<unk>,0,0
অফোরিনাম্,অপোরিনাম্,অপোরিনাম্,অপোরিনাম্,অপোরিনাম্,1,1
অদ্যারোপণ,অধ্যারোপ,অধ্যারোপ,অধ্যারোপ,অধ্যারোপন,0,0
অগ্ণিগর্ভ,অগ্নিগর্ব,অগ্নিগর্ব,অগ্নিগর্ব,অগ্নিগর্ভ,0,0
অব্ঝর্হণা,অব্যর্হণা,অব্যর্হণা,অব্যর্হণা,অভ্যর্হণা,0,0
অস্ভবল্গা,অশ্ববল্গা,অশ্ববল্গা,অশ্ববল্গা,অশ্ববল্গা,1,1
আমবাগাণের,আমবাগানের,আমবাগানের,আমবাগানের,আমবাগানের,1,1
অল্ফমাত্র,অল্পমাত্র,অল্পমাত্র,অল্পমাত্র,অল্পমাত্র,1,1
আত্মম্ববী,আত্মম্ববী,আত্মম্ববী,আত্মম্ববী,আত্মম্ভবী,0,0
অস্রুগধগদ,অস্রুগদগদ,অস্রুগদগদ,অস্রুগদগদ,অশ্রুগদগদ,0,0
অশ্থায়িতা,অস্থায়িতা,অস্থায়িতা,অস্থায়িতা,অস্থায়িতা,1,1
অণপেক্ষিত,অনপেক্ষিত,অনপেক্ষিত,অনপেক্ষিত,অনপেক্ষিত,1,1
অণ্ত<unk>শীলা,অন্ত<unk>শীদ,অন্ত<unk>শীদ,অন্ত<unk>শীদ,অন্ত<unk>শীলা,0,0
অণতিবিকাস,অনতিবিকাশ,অনতিবিকাশ,অনতিবিকাশ,অনতিবিকাশ,1,1
অবছ্ছিণ্ণ,অবচ্ছিন্ন,অবচ্ছিন্ন,অবচ্ছিন্ন,অবচ্ছিন্ন,1,1
অপ্রত্জয়ী,অপ্রত্যয়ী,অপ্রত্যয়ী,অপ্রত্যয়ী,অপ্রত্যয়ী,1,1
অঝাজোণিয়ো,অজাজোনিয়,অজাজোনিয়,অজাজোনিয়,অজাজোনিয়ো,0,0
অপরিস্কৃত,অপরিস্কৃত,অপরিস্কৃত,অপরিস্কৃত,অপরিষ্কৃত,0,0
অজ্ঞতাভশত,অজ্ঞতাবসত,অজ্ঞতাবসত,অজ্ঞতাবসত,অজ্ঞতাবশত,0,0
অণাহারিণী,অনাহারিণী,অনাহারিণী,অনাহারিণী,অনাহারিণী,1,1
অভষ্থানের,অবস্থানের,অবস্থানের,অবস্থানের,অবস্থানের,1,1
অজথাভাক্য,অজথাবাক্য,অজথাবাক্য,অজথাবাক্য,অযথাবাক্য,0,0
অছিকি<unk>স্ঝ,অচিকি<unk>শ্য,অচিকি<unk>শ্য,অচিকি<unk>শ্য,অচিকি<unk>স্য,0,0
অকৃতকার্জ,অকৃতকার্য,অকৃতকার্য,অকৃতকার্য,অকৃতকার্য,1,1
অণুগামিনী,অনুগামিণী,অনুগামিণী,অনুগামিণী,অনুগামিনী,0,0
অণাথনিবাশ,অনাথনিবাশ,অনাথনিবাশ,অনাথনিবাশ,অনাথনিবাস,0,0
আবির্বূতা,আবির্বূতা,আবির্বূতা,আবির্বূতা,আবির্ভূতা,0,0
আত্মমগ্ণা,আত্মমগ্না,আত্মমগ্না,আত্মমগ্না,আত্মমগ্না,1,1
অসাণ্তভাব,অশান্তবাব,অশান্তবাব,অশান্তবাব,অশান্তভাব,0,0
আদেষলঙ্<unk>ণ,আদেশলঙ্ড,আদেশলঙ্ড,আদেশলঙ্ড,আদেশলঙ্<unk>ন,0,0
আতিশজ্জের,আতিশজ্যের,আতিশজ্যের,আতিশজ্যের,আতিশয্যের,0,0
অঙ্কঝুক্ত,অঙ্কজুক্ত,অঙ্কজুক্ত,অঙ্কজুক্ত,অঙ্কযুক্ত,0,0
অতিফিণদ্ধ,অতিপিনদ্দ,অতিপিনদ্দ,অতিপিনদ্দ,অতিপিনদ্ধ,0,0
অভিবেছনীয়,অবিবেচনীয়,অবিবেচনীয়,অবিবেচনীয়,অবিবেচনীয়,1,1
অর্দসিদ্দ,অর্ধসিদ্ধ,অর্ধসিদ্ধ,অর্ধসিদ্ধ,অর্ধসিদ্ধ,1,1
আকণ্ঠমগ্ন,আকন্ঠমগ্ণ,আকন্ঠমগ্ণ,আকন্ঠমগ্ণ,আকন্ঠমগ্ন,0,0
আত্মবিলোফ,আত্মবিলোপ,আত্মবিলোপ,আত্মবিলোপ,আত্মবিলোপ,1,1
অষ্ভারোহণ,অশ্বারোহ,অশ্বারোহ,অশ্বারোহ,অশ্বারোহণ,0,0
অত্যুণ্ণত,অত্যুন্নত,অত্যুন্নত,অত্যুন্নত,অত্যুন্নত,1,1
আনুফোধিক্,আনুপোদিক্,আনুপোদিক্,আনুপোদিক্,আনুপোদিক্,1,1
অণুচরভর্গ,অনুচরবর্গ,অনুচরবর্গ,অনুচরবর্গ,অনুচরবর্গ,1,1
অণনুস্ঠিত,অননুষ্ঠিত,অননুষ্ঠিত,অননুষ্ঠিত,অননুষ্ঠিত,1,1
আ<unk>্<unk>াগাড়া,আই্ডাগাড়া,আই্ডাগাড়া,আই্ডাগাড়া,আড্ডাগাড়া,0,0
অভি<unk>াতিণী,অবি<unk>াতিনী,অবি<unk>াতিনী,অবি<unk>াতিনী,অভি<unk>াতিনী,0,0
অস্ভবণ্ধন,অশ্ববন্দন,অশ্ববন্দন,অশ্ববন্দন,অশ্ববন্ধন,0,0
অশুরতুল্য,অশুরতুল্য,অশুরতুল্য,অশুরতুল্য,অসুরতুল্য,0,0
অয্ঞাতমূল,অজ্ঞাতমূল,অজ্ঞাতমূল,অজ্ঞাতমূল,অজ্ঞাতমূল,1,1
অর্থষমূহে,অর্থসমূহে,অর্থসমূহে,অর্থসমূহে,অর্থসমূহে,1,1
অত্জাচারে,অত্যাচারে,অত্যাচারে,অত্যাচারে,অত্যাচারে,1,1
অপাভ্রিণু,অপাব্রিণ,অপাব্রিণ,অপাব্রিণ,অপাব্রিনু,0,0
আদ্ঝকৃত্জ,আদ্যকৃত্য,আদ্যকৃত্য,আদ্যকৃত্য,আদ্যকৃত্য,1,1
অফোরিহার্,অপোরিহার্,অপোরিহার্,অপোরিহার্,অপোরিহার্,1,1
অণন্তকালে,অনন্তকালে,অনন্তকালে,অনন্তকালে,অনন্তকালে,1,1
অক্শয়রূপে,অক্ষয়রূপে,অক্ষয়রূপে,অক্ষয়রূপে,অক্ষয়রূপে,1,1
অফ্রীতিকর,অপ্রীতিকর,অপ্রীতিকর,অপ্রীতিকর,অপ্রীতিকর,1,1
অত্যধ্বুত,অত্যদ্ব,অত্যদ্ব,অত্যদ্ব,অত্যদ্ভুত,0,0
অণিন্ধনীয়,অনিন্দনীয়,অনিন্দনীয়,অনিন্দনীয়,অনিন্দনীয়,1,1
আধালতাদির,আদালতাদির,আদালতাদির,আদালতাদির,আদালতাদির,1,1
আমণ্ত্রিত,আমন্ত্রিত,আমন্ত্রিত,আমন্ত্রিত,আমন্ত্রিত,1,1
অভোণিবনা<unk>,অবোনিবনা,অবোনিবনা,অবোনিবনা,অবোনিবনা<unk>,0,0
আদারবাক্ষ,আদারবাক্ষ,আদারবাক্ষ,আদারবাক্ষ,আধারবাক্স,0,0
অভিমুখিণী,অবিমুখিনী,অবিমুখিনী,অবিমুখিনী,অভিমুখিনী,0,0
অর্দছিণ্ন,অর্ধচিন্ন,অর্ধচিন্ন,অর্ধচিন্ন,অর্ধছিন্ন,0,0
অফ্রধীপ্ত,অপ্রদীপ্ত,অপ্রদীপ্ত,অপ্রদীপ্ত,অপ্রদীপ্ত,1,1
অষুরবিসেষ,অশুরবিশেষ,অশুরবিশেষ,অশুরবিশেষ,অসুরবিশেষ,0,0
অণ্<unk>কোশের,অন্ডকোষের,অন্ডকোষের,অন্ডকোষের,অন্ডকোষের,1,1
অশ্থিরমতি,অস্থিরমতি,অস্থিরমতি,অস্থিরমতি,অস্থিরমতি,1,1
অফ্রোমেয়ো,অপ্রোমেয়ো,অপ্রোমেয়ো,অপ্রোমেয়ো,অপ্রোমেয়ো,1,1
অণিশ্ছয়তা,অনিষ্চয়তা,অনিষ্চয়তা,অনিষ্চয়তা,অনিশ্চয়তা,0,0
অফাপভিধ্ধ,অপাপবিদ্দ,অপাপবিদ্দ,অপাপবিদ্দ,অপাপবিদ্ধ,0,0
অশোবণবাবে,অশোবনবাবে,অশোবনবাবে,অশোবনবাবে,অশোভনভাবে,0,0
আফরাহ্ণিক,আপরাহ্নিক,আপরাহ্নিক,আপরাহ্নিক,আপরাহ্ণিক,0,0
অণ্<unk>ঝুক্ত,অন্ডজুক্ত,অন্ডজুক্ত,অন্ডজুক্ত,অণ্ডযুক্ত,0,0
অণুগ্রাহী,অনুগ্রাহী,অনুগ্রাহী,অনুগ্রাহী,অনুগ্রাহী,1,1
আণ্ধিয়ারি,আন্দিয়ারি,আন্দিয়ারি,আন্দিয়ারি,আন্ধিয়ারি,0,0
অর্দশ্ফুট,অর্দস্পু,অর্দস্পু,অর্দস্পু,অর্ধস্ফুট,0,0
আত্মবিকাষ,আত্মবিকাশ,আত্মবিকাশ,আত্মবিকাশ,আত্মবিকাশ,1,1
আত্মজ্ঞাণ,আত্মজ্ঞান,আত্মজ্ঞান,আত্মজ্ঞান,আত্মজ্ঞান,1,1
অস্ভীকৃতি,অশ্বীকৃতি,অশ্বীকৃতি,অশ্বীকৃতি,অস্বীকৃতি,0,0
অকার্ফণ্য,অকার্পণ্য,অকার্পণ্য,অকার্পণ্য,অকার্পণ্য,1,1
অণ্তর্মুখ,অন্তর্মুখ,অন্তর্মুখ,অন্তর্মুখ,অন্তর্মুখ,1,1
অনুবীক্সণ,অনুবীক্ষণ,অনুবীক্ষণ,অনুবীক্ষণ,অণুবীক্ষণ,0,0
অস<unk>ন্ধর্ঝ,অশ<unk>ন্দর্য,অশ<unk>ন্দর্য,অশ<unk>ন্দর্য,অস<unk>ন্দর্য,0,0
অগ্নিভর্হ,অগ্নিবর্হ,অগ্নিবর্হ,অগ্নিবর্হ,অগ্নিবর্হ,1,1
অভিশ্বষ্ত,অবিশ্বসত,অবিশ্বসত,অবিশ্বসত,অবিশ্বস্ত,0,0
অন্তভর্তী,অন্তবর্তী,অন্তবর্তী,অন্তবর্তী,অন্তবর্তী,1,1
অফার্থিবা,অপার্থিবা,অপার্থিবা,অপার্থিবা,অপার্থিবা,1,1
অর্থশঙ্কট,অর্থসঙ্কট,অর্থসঙ্কট,অর্থসঙ্কট,অর্থসঙ্কট,1,1
অকল্যানের,অকল্যানের,অকল্যানের,অকল্যানের,অকল্যাণের,0,0
আধরজ্ঞাফক,আদরজ্ঞাপক,আদরজ্ঞাপক,আদরজ্ঞাপক,আদরজ্ঞাপক,1,1
অপ্রোতিষ্,অপ্রোতিশ্,অপ্রোতিশ্,অপ্রোতিশ্,অপ্রোতিশ্,1,1
অক্ষরশমূহ,অক্ষরসমূহ,অক্ষরসমূহ,অক্ষরসমূহ,অক্ষরসমূহ,1,1
অণুচারিণী,অনুচারিণী,অনুচারিণী,অনুচারিণী,অনুচারিণী,1,1
অণুষঞ্চান,অনুসঞ্চান,অনুসঞ্চান,অনুসঞ্চান,অনুসঞ্চান,1,1
অভসরসূণ্য,অবসরসূন্য,অবসরসূন্য,অবসরসূন্য,অবসরশূন্য,0,0
অগ্ণিযোগে,অগ্নিজোগে,অগ্নিজোগে,অগ্নিজোগে,অগ্নিযোগে,0,0
অভিপ্রযণণ,অবিপ্রজণ,অবিপ্রজণ,অবিপ্রজণ,অভিপ্রজনন,0,0
অফরিফক্বতা,অপরিপক্বতা,অপরিপক্বতা,অপরিপক্বতা,অপরিপক্বতা,1,1
অকৃত্ঝকারী,অকৃত্যকারী,অকৃত্যকারী,অকৃত্যকারী,অকৃত্যকারী,1,1
আক্কেলধাঁত,আক্কেলাদেত,আক্কেলাদেত,আক্কেলাদেত,আক্কেলদাঁত,0,0
আপকারাষ্তে,আপকারাস্তে,আপকারাস্তে,আপকারাস্তে,আপকারাস্তে,1,1
অষাস্ত্রীয়,অশাস্ত্রীয়,অশাস্ত্রীয়,অশাস্ত্রীয়,অশাস্ত্রীয়,1,1
অনুছরবিশেষ,অনুচরবিশে,অনুচরবিশে,অনুচরবিশে,অনুচরবিশেষ,0,0
অনাবিস্কৃত,অনাবিস্কৃত,অনাবিস্কৃত,অনাবিস্কৃত,অনাবিষ্কৃত,0,0
অফযসকীর্তন,অপজসকীর্তণ,অপজসকীর্তণ,অপজসকীর্তণ,অপযশকীর্তন,0,0
অলঙ্কারাধি,অলঙ্কারাদি,অলঙ্কারাদি,অলঙ্কারাদি,অলঙ্কারাদি,1,1
অমেরুদণ্<unk>ী,অমেরুদন্ডী,অমেরুদন্ডী,অমেরুদন্ডী,অমেরুদন্ডী,1,1
অ্ঝাকশেন্ট,অ্যাকসেন্ট,অ্যাকসেন্ট,অ্যাকসেন্ট,অ্যাকসেন্ট,1,1
অণুক্রমাগত,অনুক্রমাগত,অনুক্রমাগত,অনুক্রমাগত,অনুক্রমাগত,1,1
অণসম্ভভতার,অনসম্ববতার,অনসম্ববতার,অনসম্ববতার,অনসম্ভবতার,0,0
আকর্শণকারী,আকর্ষণকারী,আকর্ষণকারী,আকর্ষণকারী,আকর্ষণকারী,1,1
আত্মসম্মাণ,আত্মসম্মান,আত্মসম্মান,আত্মসম্মান,আত্মসম্মান,1,1
অধ্যভশায়ের,অদ্যবসায়ের,অদ্যবসায়ের,অদ্যবসায়ের,অধ্যবসায়ের,0,0
অশ্রুত্জাগ,অশ্রুত্যাগ,অশ্রুত্যাগ,অশ্রুত্যাগ,অশ্রুত্যাগ,1,1
অধ্যক্সত্ব,অদ্যক্ষত্ব,অদ্যক্ষত্ব,অদ্যক্ষত্ব,অধ্যক্ষত্ব,0,0
আভরণষ্বরূপ,আবরনস্বরপ,আবরনস্বরপ,আবরনস্বরপ,আবরণস্বরূপ,0,0
অবয্ঞার্থে,অবজ্ঞার্থে,অবজ্ঞার্থে,অবজ্ঞার্থে,অবজ্ঞার্থে,1,1
অমঙ্গলষাদন,অমঙ্গলসাদ,অমঙ্গলসাদ,অমঙ্গলসাদ,অমঙ্গলসাধন,0,0
অতিক্ষুধ্র,অতিক্ষুদ্র,অতিক্ষুদ্র,অতিক্ষুদ্র,অতিক্ষুদ্র,1,1
আত্মসা<unk>করন,আত্মসা<unk>করণ,আত্মসা<unk>করণ,আত্মসা<unk>করণ,আত্মসা<unk>করণ,1,1
অণুগ্রহহীন,অনুগ্রহহী,অনুগ্রহহী,অনুগ্রহহী,অনুগ্রহহীন,0,0
অভিণ্নহৃধয়,অবিন্নহৃদয়,অবিন্নহৃদয়,অবিন্নহৃদয়,অভিন্নহৃদয়,0,0
আবেদনজুক্ত,আবেদনজুক্ত,আবেদনজুক্ত,আবেদনজুক্ত,আবেদনযুক্ত,0,0
অন্ত্ঝবর্ণ,অন্ত্যবর্ণ,অন্ত্যবর্ণ,অন্ত্যবর্ণ,অন্ত্যবর্ণ,1,1
অস্ফৃশ্যতা,অশ্পৃষ্যতা,অশ্পৃষ্যতা,অশ্পৃষ্যতা,অস্পৃশ্যতা,0,0
আত্মতুস্টি,আত্মতুষ্ট,আত্মতুষ্ট,আত্মতুষ্ট,আত্মতুষ্টি,0,0
অভিকারিত্ব,অবিকারিত্ব,অবিকারিত্ব,অবিকারিত্ব,অবিকারিত্ব,1,1
অচিকি<unk>ষণীয়,অচিকি<unk>শনীয়,অচিকি<unk>শনীয়,অচিকি<unk>শনীয়,অচিকি<unk>সনীয়,0,0
অণাত্মীয়তা,অনাত্মীয়ত,অনাত্মীয়ত,অনাত্মীয়ত,অনাত্মীয়তা,0,0
আত্মো<unk>কর্স,আত্মো<unk>কর্ষ,আত্মো<unk>কর্ষ,আত্মো<unk>কর্ষ,আত্মো<unk>কর্ষ,1,1
অ্জাট্ঝাশে,অ্যাট্যাশে,অ্যাট্যাশে,অ্যাট্যাশে,অ্যাট্যাশে,1,1
অমাভস্ঝাদি,অমাবশ্যাদি,অমাবশ্যাদি,অমাবশ্যাদি,অমাবস্যাদি,0,0
অশধুপোধেশ্,অশদুপোদেশ্,অশদুপোদেশ্,অশদুপোদেশ্,অশদুপোদেশ্,1,1
অস্বাস্থ্জ,অশ্বাস্থ্য,অশ্বাস্থ্য,অশ্বাস্থ্য,অস্বাস্থ্য,0,0
অর্নবপোতের,অর্নবপোতের,অর্নবপোতের,অর্নবপোতের,অর্ণবপোতের,0,0
অম্লোধ্গার,অম্লোদ্গার,অম্লোদ্গার,অম্লোদ্গার,অম্লোদ্গার,1,1
অর্থোদ্দার,অর্থোদ্দার,অর্থোদ্দার,অর্থোদ্দার,অর্থোদ্ধার,0,0
অশামান্জতা,অসামান্যতা,অসামান্যতা,অসামান্যতা,অসামান্যতা,1,1
অভাষ্তবতায়,অবাস্তবতায়,অবাস্তবতায়,অবাস্তবতায়,অবাস্তবতায়,1,1
অষাবদাণবশত,অশাবদানবশত,অশাবদানবশত,অশাবদানবশত,অসাবধানবশত,0,0
আদেষদাত্রী,আদেশদাত্রী,আদেশদাত্রী,আদেশদাত্রী,আদেশদাত্রী,1,1
অপ্রত্জাগত,অপ্রত্যা,অপ্রত্যা,অপ্রত্যা,অপ্রত্যাগত,0,0
আত্মতত্ত্ভ,আত্মত্ত্ব,আত্মত্ত্ব,আত্মত্ত্ব,আত্মতত্ত্ব,0,0
আভিস্কারের,আবিস্কারের,আবিস্কারের,আবিস্কারের,আবিস্কারের,1,1
আভির্ভাভের,আবির্বাবের,আবির্বাবের,আবির্বাবের,আবির্ভাবের,0,0
অচিরষ্থায়ী,অচিরস্থায়ী,অচিরস্থায়ী,অচিরস্থায়ী,অচিরস্থায়ী,1,1
আবরনমণ্<unk>িত,আবরনমন্ডিত,আবরনমন্ডিত,আবরনমন্ডিত,আভরণমণ্ডিত,0,0
অষুবিদাজনক,অশুবিদাজনক,অশুবিদাজনক,অশুবিদাজনক,অসুবিধাজনক,0,0
অদিষ্ঠাপিত,অধিষ্ঠাপিত,অধিষ্ঠাপিত,অধিষ্ঠাপিত,অধিষ্ঠাপিত,1,1
অপ্রতর্ক্জ,অপ্রতর্ক্য,অপ্রতর্ক্য,অপ্রতর্ক্য,অপ্রতর্ক্য,1,1
অবিষ্মরনীয়,অবিস্মরণীয়,অবিস্মরণীয়,অবিস্মরণীয়,অবিস্মরণীয়,1,1
অরন্যমে<unk>ের,অরন্যমে<unk>ের,অরন্যমে<unk>ের,অরন্যমে<unk>ের,অরণ্যমে<unk>ের,0,0
আত্মাফহারী,আত্মাপহারী,আত্মাপহারী,আত্মাপহারী,আত্মাপহারী,1,1
অপকর্শবোদক,অপকর্ষবোদক,অপকর্ষবোদক,অপকর্ষবোদক,অপকর্ষবোধক,0,0
অভিভাধনাধি,অবিবাদনাদি,অবিবাদনাদি,অবিবাদনাদি,অভিবাদনাদি,0,0
অশহিশ্ণুতা,অশহিষ্নুতা,অশহিষ্নুতা,অশহিষ্নুতা,অসহিষ্ণুতা,0,0
অ্জান্টিনা,অ্যান্টিণা,অ্যান্টিণা,অ্যান্টিণা,অ্যান্টিনা,0,0
অগ্রগামিণী,অগ্রগামিণী,অগ্রগামিণী,অগ্রগামিণী,অগ্রগামিনী,0,0
অণিার্ধষ্ট,অনিার্দশ্ট,অনিার্দশ্ট,অনিার্দশ্ট,অনিার্দষ্ট,0,0
অবগাহণার্থ,অবগাহনার্থ,অবগাহনার্থ,অবগাহনার্থ,অবগাহনার্থ,1,1
অফচিকীর্সু,অপচিকীর্শ,অপচিকীর্শ,অপচিকীর্শ,অপচিকীর্ষু,0,0
আত্মপরায়না,আত্মপরায়না,আত্মপরায়না,আত্মপরায়না,আত্মপরায়ণা,0,0
অণ্ণফ্রাশন,অন্নপ্রাশণ,অন্নপ্রাশণ,অন্নপ্রাশণ,অন্নপ্রাশন,0,0
অন্ত<unk>ফুরের,অন্ত<unk>পুরের,অন্ত<unk>পুরের,অন্ত<unk>পুরের,অন্ত<unk>পুরের,1,1
অভহেলাকারী,অবহেলাকারী,অবহেলাকারী,অবহেলাকারী,অবহেলাকারী,1,1
অণণ্বয়োপমা,অনন্বয়োপ,অনন্বয়োপ,অনন্বয়োপ,অনন্বয়োপমা,0,0
অক্ষরঝীভিক,অক্ষরজীবিক,অক্ষরজীবিক,অক্ষরজীবিক,অক্ষরজীবিক,1,1
আঁষ্তাকুড়্,আঁস্তাকুড়্,আঁস্তাকুড়্,আঁস্তাকুড়্,আঁস্তাকুড়্,1,1
অভগুন্ঠনের,অবগুন্ঠনের,অবগুন্ঠনের,অবগুন্ঠনের,অবগুণ্ঠনের,0,0
আদ্ঝক্ষরের,আদ্যক্ষরের,আদ্যক্ষরের,আদ্যক্ষরের,আদ্যক্ষরের,1,1
অগ্ণিপাত্র,অগ্নিপাত্র,অগ্নিপাত্র,অগ্নিপাত্র,অগ্নিপাত্র,1,1
অভ্ঝুদয়শীল,অব্যুদয়শী,অব্যুদয়শী,অব্যুদয়শী,অভ্যুদয়শীল,0,0
অ্যাকাষোন্,অ্যাকাশো,অ্যাকাশো,অ্যাকাশো,অ্যাকাশোন্,0,0
অফ্রকটলীলা,অপ্রকটলীদ,অপ্রকটলীদ,অপ্রকটলীদ,অপ্রকটলীলা,0,0
অণির্ভাপিত,অনির্বাপিত,অনির্বাপিত,অনির্বাপিত,অনির্বাপিত,1,1
অভিমণ্জুকে,অবিমন্যুকে,অবিমন্যুকে,অবিমন্যুকে,অভিমন্যুকে,0,0
অদিনায়কত্ভ,অধিনায়কত্ব,অধিনায়কত্ব,অধিনায়কত্ব,অধিনায়কত্ব,1,1
আভেগপ্রধান,আবেগপ্রদান,আবেগপ্রদান,আবেগপ্রদান,আবেগপ্রধান,0,0
অয়স্কর্ষনী,অয়স্কর্ষণী,অয়স্কর্ষণী,অয়স্কর্ষণী,অয়স্কর্ষণী,1,1
অবিসংবাধিত,অবিশংবাদিত,অবিশংবাদিত,অবিশংবাদিত,অবিসংবাদিত,0,0
আতপক্লাণ্ত,আতপক্লান্ত,আতপক্লান্ত,আতপক্লান্ত,আতপক্লান্ত,1,1
অণ্ণদাণরূপ,অন্নদানরূপ,অন্নদানরূপ,অন্নদানরূপ,অন্নদানরূপ,1,1
অণ্নফুর্ণা,অন্নপুর্ণা,অন্নপুর্ণা,অন্নপুর্ণা,অন্নপুর্ণা,1,1
অভগুন্ঠিতা,অবগুন্ঠিতা,অবগুন্ঠিতা,অবগুন্ঠিতা,অবগুন্ঠিতা,1,1
অফচিকীর্ষা,অপচিকীর্ষা,অপচিকীর্ষা,অপচিকীর্ষা,অপচিকীর্ষা,1,1
অনুভীক্ষণে,অনুবীক্ষণে,অনুবীক্ষণে,অনুবীক্ষণে,অণুবীক্ষণে,0,0
আভিসিনিয়ার,আবিশিনিয়ার,আবিশিনিয়ার,আবিশিনিয়ার,আবিসিনিয়ার,0,0
আত্মষর্মফণ,আত্মসর্মপণ,আত্মসর্মপণ,আত্মসর্মপণ,আত্মসর্মপণ,1,1
অণুমতিপত্র,অনুমতিপত্র,অনুমতিপত্র,অনুমতিপত্র,অনুমতিপত্র,1,1
আটচল্লিসের,আটচল্লিশের,আটচল্লিশের,আটচল্লিশের,আটচল্লিশের,1,1
অভিশ্টধাতা,অবিষ্টদাত,অবিষ্টদাত,অবিষ্টদাত,অভিষ্টদাতা,0,0
অফ্রকাশিতা,অপ্রকাশিতা,অপ্রকাশিতা,অপ্রকাশিতা,অপ্রকাশিতা,1,1
আত্মোণ্নতি,আত্মোন্নতি,আত্মোন্নতি,আত্মোন্নতি,আত্মোন্নতি,1,1
অণর্থপাতের,অনর্থপাতের,অনর্থপাতের,অনর্থপাতের,অনর্থপাতের,1,1
অবয়ব্জঞ্জক,অবয়ব্যঞ্যক,অবয়ব্যঞ্যক,অবয়ব্যঞ্যক,অভয়ব্যঞ্জক,0,0
অণুকরণকারী,অনুকরণকারী,অনুকরণকারী,অনুকরণকারী,অনুকরণকারী,1,1
অতিথিষ<unk>কার,অতিথিশ<unk>কার,অতিথিশ<unk>কার,অতিথিশ<unk>কার,অতিথিস<unk>কার,0,0
অশ্থায়িত্ব,অস্থায়িত্ব,অস্থায়িত্ব,অস্থায়িত্ব,অস্থায়িত্ব,1,1
আত্মরক্ষাঈ,আত্মরক্ষাই,আত্মরক্ষাই,আত্মরক্ষাই,আত্মরক্ষাই,1,1
অসম্মাণযনক,অসম্মানজনক,অসম্মানজনক,অসম্মানজনক,অসম্মানজনক,1,1
অতিক্লিস্ট,অতিক্লিষ্ট,অতিক্লিষ্ট,অতিক্লিষ্ট,অতিক্লিষ্ট,1,1
অণন্তরহশ্য,অনন্তরহস্য,অনন্তরহস্য,অনন্তরহস্য,অনন্তরহস্য,1,1
অর্পণঝোগ্ঝ,অর্পনজোগ্,অর্পনজোগ্,অর্পনজোগ্,অর্পণযোগ্য,0,0
আত্মবলিধাণ,আত্মবলিদান,আত্মবলিদান,আত্মবলিদান,আত্মবলিদান,1,1
অভ্দ্যগ্নি,অব্দ্যগ্ণি,অব্দ্যগ্ণি,অব্দ্যগ্ণি,অব্ধ্যগ্নি,0,0
আভচায়াভাবে,আবছায়াবাবে,আবছায়াবাবে,আবছায়াবাবে,আবছায়াভাবে,0,0
আভর্জণাহীন,আবর্যনাহীন,আবর্যনাহীন,আবর্যনাহীন,আবর্জনাহীন,0,0
অব্জূত্থান,অব্যূত্থাণ,অব্যূত্থাণ,অব্যূত্থাণ,অভ্যূত্থান,0,0
অধিকারীধের,অধিকারীদের,অধিকারীদের,অধিকারীদের,অধিকারীদের,1,1
আণন্ধাভূতি,আনন্দাবূতি,আনন্দাবূতি,আনন্দাবূতি,আনন্দাভূতি,0,0
আমাণ<unk>ল্লার,আমান<unk>ল্লার,আমান<unk>ল্লার,আমান<unk>ল্লার,আমান<unk>ল্লার,1,1
আধাণফ্রদান,আদানপ্রদান,আদানপ্রদান,আদানপ্রদান,আদানপ্রদান,1,1
অস্থাণকারী,অস্থানকারী,অস্থানকারী,অস্থানকারী,অস্থানকারী,1,1
অফ্রপ্রয়োগ,অপ্রপ্রয়ো,অপ্রপ্রয়ো,অপ্রপ্রয়ো,অপ্রপ্রয়োগ,0,0
অণন্যফূর্ব,অনন্যপূর্ব,অনন্যপূর্ব,অনন্যপূর্ব,অনন্যপূর্ব,1,1
অদিকারসূচক,অধিকারসূচক,অধিকারসূচক,অধিকারসূচক,অধিকারসূচক,1,1
আনুফূর্ব্জ,আনুপূর্ব্য,আনুপূর্ব্য,আনুপূর্ব্য,আনুপূর্ব্য,1,1
অগ্ণিপাটের,অগ্নিপাটের,অগ্নিপাটের,অগ্নিপাটের,অগ্নিপাটের,1,1
আন্ধোলনশীল,আন্দোলনশী,আন্দোলনশী,আন্দোলনশী,আন্দোলনশীল,0,0
আদিদোহভিক্,আদিদোহবক্,আদিদোহবক্,আদিদোহবক্,আধিদোহবিক্,0,0
আবর্ঝণাদূর,আবর্জনাদ,আবর্জনাদ,আবর্জনাদ,আবর্জনাদূর,0,0
অ্যাকা<unk>ণ্ট,অ্যাকা<unk>ন্ট,অ্যাকা<unk>ন্ট,অ্যাকা<unk>ন্ট,অ্যাকা<unk>ন্ট,1,1
আছারবিরোদী,আচারবিরোইী,আচারবিরোইী,আচারবিরোইী,আচারবিরোধী,0,0
অশিশ্টভাভে,অশিষ্টবাবে,অশিষ্টবাবে,অশিষ্টবাবে,অশিষ্টভাবে,0,0
অগ্ণিসংযোগ,অগ্নিশংগ,অগ্নিশংগ,অগ্নিশংগ,অগ্নিসংযোগ,0,0
অন্তর্বেধী,অন্তর্বেদী,অন্তর্বেদী,অন্তর্বেদী,অন্তর্ভেদী,0,0
অ্যালোফেথি,অ্যালোপেথি,অ্যালোপেথি,অ্যালোপেথি,অ্যালোপেথি,1,1
অরন্যানীতে,অরণ্যানীতে,অরণ্যানীতে,অরণ্যানীতে,অরণ্যানীতে,1,1
অর্কমন্ধার,অর্কমন্দার,অর্কমন্দার,অর্কমন্দার,অর্কমন্দার,1,1
অপিণিহিতির,অপিনিহিতি,অপিনিহিতি,অপিনিহিতি,অপিনিহিতির,0,0
অতিক্রমনীয়,অতিক্রমণীয়,অতিক্রমণীয়,অতিক্রমণীয়,অতিক্রমণীয়,1,1
অস্ত্রাধির,অস্ত্রাদির,অস্ত্রাদির,অস্ত্রাদির,অস্ত্রাদির,1,1
অ্যাকাদার্,অ্যাকাদার্,অ্যাকাদার্,অ্যাকাদার্,অ্যাকাধার্,0,0
অণ্তর্<unk>াতী,অন্তর্ডাতী,অন্তর্ডাতী,অন্তর্ডাতী,অন্তর্<unk>াতী,0,0
অতিফরিপক্ভ,অতিপরিপম্ব,অতিপরিপম্ব,অতিপরিপম্ব,অতিপরিপক্ব,0,0
অগ্নিছূর্ণ,অগ্নিচূর্ণ,অগ্নিচূর্ণ,অগ্নিচূর্ণ,অগ্নিচূর্ণ,1,1
অস্বেতাঙ্গ,অশ্বেতাঙ্গ,অশ্বেতাঙ্গ,অশ্বেতাঙ্গ,অশ্বেতাঙ্গ,1,1
অষ্ত্রধারী,অস্ত্রদারী,অস্ত্রদারী,অস্ত্রদারী,অস্ত্রধারী,0,0
অগ্ণিমূল্য,অগ্নিমূল্য,অগ্নিমূল্য,অগ্নিমূল্য,অগ্নিমূল্য,1,1
অকৃতোধ্বাহ,অকৃতোদ্বাহ,অকৃতোদ্বাহ,অকৃতোদ্বাহ,অকৃতোদ্বাহ,1,1
অনবিজ্ঞতার,অনবিজ্ঞতার,অনবিজ্ঞতার,অনবিজ্ঞতার,অনভিজ্ঞতার,0,0
অণ্তরঙ্গতা,অন্তরঙ্গতা,অন্তরঙ্গতা,অন্তরঙ্গতা,অন্তরঙ্গতা,1,1
অন্ত<unk>ষত্রু,অন্ত<unk>সত্র,অন্ত<unk>সত্র,অন্ত<unk>সত্র,অন্ত<unk>শত্রু,0,0
আণণ্দশূন্জ,আনন্দসূন্য,আনন্দসূন্য,আনন্দসূন্য,আনন্দশূন্য,0,0
অখ্ঝাতিজনক,অখ্যাতিজনক,অখ্যাতিজনক,অখ্যাতিজনক,অখ্যাতিজনক,1,1
অশ্ভক্ষমতা,অশ্বক্ষমতা,অশ্বক্ষমতা,অশ্বক্ষমতা,অশ্বক্ষমতা,1,1
অ<unk>টণজ্ঞাফক,অ<unk>টনজ্ঞাপক,অ<unk>টনজ্ঞাপক,অ<unk>টনজ্ঞাপক,অ<unk>টনজ্ঞাপক,1,1
আত্মশা<unk>কৃত,আত্মসা<unk>কৃত,আত্মসা<unk>কৃত,আত্মসা<unk>কৃত,আত্মসা<unk>কৃত,1,1
অফরিকল্পিত,অপরিকল্পিত,অপরিকল্পিত,অপরিকল্পিত,অপরিকল্পিত,1,1
অফবাদফূর্ন,অপবাদপূর্ণ,অপবাদপূর্ণ,অপবাদপূর্ণ,অপবাদপূর্ণ,1,1
অঙ্কভেত্তা,অঙ্কবেত্তা,অঙ্কবেত্তা,অঙ্কবেত্তা,অঙ্কবেত্তা,1,1
আণ্ধাছক্কর,আন্দাচক্কর,আন্দাচক্কর,আন্দাচক্কর,আন্ধাচক্কর,0,0
আকাঙ্ক্সার,আকাঙ্ক্ষার,আকাঙ্ক্ষার,আকাঙ্ক্ষার,আকাঙ্ক্ষার,1,1
অফরিছ্ছণ্ন,অপরিচ্চন্ণ,অপরিচ্চন্ণ,অপরিচ্চন্ণ,অপরিচ্ছন্ন,0,0
আত্মশহায়তা,আত্মসহায়তা,আত্মসহায়তা,আত্মসহায়তা,আত্মসহায়তা,1,1
অস্টেপৃশ্ঠে,অষ্টেপৃষ্ঠে,অষ্টেপৃষ্ঠে,অষ্টেপৃষ্ঠে,অষ্টেপৃষ্ঠে,1,1
অধিকারবুক্ত,অধিকারবুক্ত,অধিকারবুক্ত,অধিকারবুক্ত,অধিকারভুক্ত,0,0
অনুদ্যানাদি,অনুদ্যানাদি,অনুদ্যানাদি,অনুদ্যানাদি,অনুধ্যানাদি,0,0
অর্থবিসিশ্ট,অর্থবিশিষ,অর্থবিশিষ,অর্থবিশিষ,অর্থবিশিষ্ট,0,0
অবিয্ঞতাহীন,অবিজ্ঞতাহী,অবিজ্ঞতাহী,অবিজ্ঞতাহী,অভিজ্ঞতাহীন,0,0
অভিসংবাদিণী,অবিসংবাদি,অবিসংবাদি,অবিসংবাদি,অবিসংবাদিনী,0,0
অণ্তর্জাতনা,অন্তর্যাতনা,অন্তর্যাতনা,অন্তর্যাতনা,অন্তর্যাতনা,1,1
আগ্নেয়াধ্রি,আগ্নেয়াদ্র,আগ্নেয়াদ্র,আগ্নেয়াদ্র,আগ্নেয়াদ্রি,0,0
অফ্রতিরোধ্জ,অপ্রতিরোদ্,অপ্রতিরোদ্,অপ্রতিরোদ্,অপ্রতিরোধ্য,0,0
অঙ্গাঙ্গিণ্,অঙ্গাঙ্গি,অঙ্গাঙ্গি,অঙ্গাঙ্গি,অঙ্গাঙ্গিন্,0,0
অভ্যবশায়িনী,অব্যবসায়িণী,অব্যবসায়িণী,অব্যবসায়িণী,অব্যবসায়িনী,0,0
অসধ্ভ্জবহার,অশদ্ব্যবহার,অশদ্ব্যবহার,অশদ্ব্যবহার,অসদ্ব্যবহার,0,0
অষ্ত্রোফচার,অস্ত্রোপচার,অস্ত্রোপচার,অস্ত্রোপচার,অস্ত্রোপচার,1,1
অস্রান্তগতি,অস্রান্তগত,অস্রান্তগত,অস্রান্তগত,অশ্রান্তগতি,0,0
আত্মণিমগ্না,আত্মনিমগ্ণা,আত্মনিমগ্ণা,আত্মনিমগ্ণা,আত্মনিমগ্না,0,0
অঝন্মদায়িনী,অজন্মদায়িণী,অজন্মদায়িণী,অজন্মদায়িণী,অজন্মদায়িনী,0,0
অণিষ্টকারীর,অনিষ্টকারী,অনিষ্টকারী,অনিষ্টকারী,অনিষ্টকারীর,0,0
অণ্তর্দর্ষন,অন্তর্দর্ষণ,অন্তর্দর্ষণ,অন্তর্দর্ষণ,অন্তর্দর্শন,0,0
অবসাধগ্রস্ত,অবশাদগ্রসত,অবশাদগ্রসত,অবশাদগ্রসত,অবসাদগ্রস্ত,0,0
অণ্তভ্যস্তে,অন্তব্যস্তে,অন্তব্যস্তে,অন্তব্যস্তে,অন্তব্যস্তে,1,1
অপ্রোকৃতিশ্,অপ্রোকৃতি,অপ্রোকৃতি,অপ্রোকৃতি,অপ্রোকৃতিস্,0,0
আগ্রহান্ভিত,আগ্রহান্ব,আগ্রহান্ব,আগ্রহান্ব,আগ্রহান্বিত,0,0
অণ্তর্বর্তী,অন্তর্বর্তী,অন্তর্বর্তী,অন্তর্বর্তী,অন্তর্বর্তী,1,1
অণতিক্রমনীয়,অনতিক্রমণীয়,অনতিক্রমণীয়,অনতিক্রমণীয়,অনতিক্রমনীয়,0,0
অঙ্গুলিহেলণ,অঙ্গুলিহে,অঙ্গুলিহে,অঙ্গুলিহে,অঙ্গুলিহেলন,0,0
অদিভাশযোগ্য,অধিবাশযোজ,অধিবাশযোজ,অধিবাশযোজ,অধিবাসযোগ্য,0,0
অফ্রতিভিধেয়,অপ্রতিবিদয়,অপ্রতিবিদয়,অপ্রতিবিদয়,অপ্রতিবিধেয়,0,0
অশ্বমেধঝজ্ঞ,অশ্বমেদজজ্ঞ,অশ্বমেদজজ্ঞ,অশ্বমেদজজ্ঞ,অশ্বমেধযজ্ঞ,0,0
অশ্থিরচিত্ত,অস্থিরচিতত,অস্থিরচিতত,অস্থিরচিতত,অস্থিরচিত্ত,0,0
অত্যাছারকরন,অত্যাচারকরণ,অত্যাচারকরণ,অত্যাচারকরণ,অত্যাচারকরণ,1,1
অঙ্গীবূতকরণ,অঙ্গীবূতকরণ,অঙ্গীবূতকরণ,অঙ্গীবূতকরণ,অঙ্গীভূতকরণ,0,0
অণ্তর্ভূক্ত,অন্তর্বূক্ত,অন্তর্বূক্ত,অন্তর্বূক্ত,অন্তর্ভূক্ত,0,0
অষ্ত্রসংবরন,অস্ত্রসবরণ,অস্ত্রসবরণ,অস্ত্রসবরণ,অস্ত্রসংবরণ,0,0
অণ্তর্ধ্বার,অন্তর্দ্বার,অন্তর্দ্বার,অন্তর্দ্বার,অন্তর্দ্বার,1,1
অভদারণযোগ্য,অবধারণজোজ,অবধারণজোজ,অবধারণজোজ,অবধারণযোগ্য,0,0
অব্যন্তরবাগ,অব্যন্তরবাগ,অব্যন্তরবাগ,অব্যন্তরবাগ,অভ্যন্তরভাগ,0,0
অশ্ত্রশূন্জ,অস্ত্রসূন্য,অস্ত্রসূন্য,অস্ত্রসূন্য,অস্ত্রশূন্য,0,0
অফরিপূর্নতা,অপরিপূর্ণতা,অপরিপূর্ণতা,অপরিপূর্ণতা,অপরিপূর্ণতা,1,1
আত্মঅভধারিত,আত্মজবদারিত,আত্মজবদারিত,আত্মজবদারিত,আত্মঅবধারিত,0,0
অকুমারীভ্রত,অকুমারীব্,অকুমারীব্,অকুমারীব্,অকুমারীব্রত,0,0
অষ্থিতপঞ্চম,অস্থিতপঞ্চ,অস্থিতপঞ্চ,অস্থিতপঞ্চ,অস্থিতপঞ্চম,0,0
অণিয়ন্ত্রিত,অনিয়ন্ত্র,অনিয়ন্ত্র,অনিয়ন্ত্র,অনিয়ন্ত্রিত,0,0
অষ্থিবিদ্জা,অস্থিবিদ্যা,অস্থিবিদ্যা,অস্থিবিদ্যা,অস্থিবিদ্যা,1,1
অনুভুতিশূচক,অনুবুতিশূচক,অনুবুতিশূচক,অনুবুতিশূচক,অনুভুতিসূচক,0,0
আত্মষম্ভ্রম,আত্মসম্ব্রম,আত্মসম্ব্রম,আত্মসম্ব্রম,আত্মসম্ভ্রম,0,0
আত্মফরায়ণতা,আত্মপরায়াতা,আত্মপরায়াতা,আত্মপরায়াতা,আত্মপরায়ণতা,0,0
আত্মছিন্তায়,আত্মচিন্তায়,আত্মচিন্তায়,আত্মচিন্তায়,আত্মচিন্তায়,1,1
আত্মোফকারী,আত্মোপকারী,আত্মোপকারী,আত্মোপকারী,আত্মোপকারী,1,1
অণুরক্তিহীন,অনুরক্তিহী,অনুরক্তিহী,অনুরক্তিহী,অনুরক্তিহীন,0,0
অগ্ণিক্রীড়া,অগ্নিক্রীা,অগ্নিক্রীা,অগ্নিক্রীা,অগ্নিক্রীড়া,0,0
আত্মশা<unk>কারী,আত্মসা<unk>কারী,আত্মসা<unk>কারী,আত্মসা<unk>কারী,আত্মসা<unk>কারী,1,1
অত্যাছারীরা,অত্যাচারী,অত্যাচারী,অত্যাচারী,অত্যাচারীরা,0,0
অবিনেত্রীতে,অবিনেত্রী,অবিনেত্রী,অবিনেত্রী,অভিনেত্রীতে,0,0
অণুধ্<unk>াতীনী,অনুদ্ডাতীনী,অনুদ্ডাতীনী,অনুদ্ডাতীনী,অনুদ্<unk>াতীনী,0,0
অস্থায়ীবাভে,অস্থায়েবে,অস্থায়েবে,অস্থায়েবে,অস্থায়ীভাবে,0,0
অন্দকারনাসক,অন্দকারণাশক,অন্দকারণাশক,অন্দকারণাশক,অন্ধকারনাশক,0,0
অবিলাষহীণতা,অবিলাশহীন,অবিলাশহীন,অবিলাশহীন,অভিলাষহীনতা,0,0
আতিষয্যযণিত,আতিশজ্যজিত,আতিশজ্যজিত,আতিশজ্যজিত,আতিশয্যজনিত,0,0
অঙ্গশঞ্ছাচল,অঙ্গসঞ্চাল,অঙ্গসঞ্চাল,অঙ্গসঞ্চাল,অঙ্গসঞ্চাচল,0,0
অবহিতছিত্তে,অবহিতচিতত,অবহিতচিতত,অবহিতচিতত,অবহিতচিত্তে,0,0
অণুষণ্ধি<unk>সা,অনুসন্দিদিা,অনুসন্দিদিা,অনুসন্দিদিা,অনুসন্ধি<unk>সা,0,0
আত্মপ্রসাধে,আত্মপ্রসাদে,আত্মপ্রসাদে,আত্মপ্রসাদে,আত্মপ্রসাদে,1,1
অণায়াশষিদ্ধ,অনায়াশসিদ,অনায়াশসিদ,অনায়াশসিদ,অনায়াসসিদ্ধ,0,0
অশ্ত্রাগারে,অস্ত্রাগারে,অস্ত্রাগারে,অস্ত্রাগারে,অস্ত্রাগারে,1,1
অণুচিকীর্ষা,অনুচিকীর্ষা,অনুচিকীর্ষা,অনুচিকীর্ষা,অনুচিকীর্ষা,1,1
অণুকরণঝোগ্য,অনুকরণজোজ,অনুকরণজোজ,অনুকরণজোজ,অনুকরণযোগ্য,0,0
অসুভধর্সিনী,অশুবদর্শণী,অশুবদর্শণী,অশুবদর্শণী,অশুভদর্শিনী,0,0
অনভগুন্ঠিতা,অনবগুন্ঠা,অনবগুন্ঠা,অনবগুন্ঠা,অনবগুন্ঠিতা,0,0
অন্তরভিদারী,অন্তরবিদারী,অন্তরবিদারী,অন্তরবিদারী,অন্তরবিদারী,1,1
আক্রোশফূর্ন,আক্রোশপূর্ণ,আক্রোশপূর্ণ,আক্রোশপূর্ণ,আক্রোশপূর্ণ,1,1
অমর্শগ্রস্ত,অমর্ষগ্র্ত,অমর্ষগ্র্ত,অমর্ষগ্র্ত,অমর্ষগ্রস্ত,0,0
অশ্থিতফঞ্চক,অস্থিতপঞ্চক,অস্থিতপঞ্চক,অস্থিতপঞ্চক,অস্থিতপঞ্চক,1,1
অট্টালিকাধি,অট্টালিকা,অট্টালিকা,অট্টালিকা,অট্টালিকাদি,0,0
আন্তর্যাতীয়,আন্তর্যাতীয়,আন্তর্যাতীয়,আন্তর্যাতীয়,আন্তর্জাতীয়,0,0
আবরনশূন্জতা,আবরনশূন্যতা,আবরনশূন্যতা,আবরনশূন্যতা,আবরণশূন্যতা,0,0
অক্সয়কীর্তি,অক্ষয়কীর্তি,অক্ষয়কীর্তি,অক্ষয়কীর্তি,অক্ষয়কীর্তি,1,1
আ<unk>াতফ্রাপ্ত,আ<unk>াতপ্রাপ্ত,আ<unk>াতপ্রাপ্ত,আ<unk>াতপ্রাপ্ত,আ<unk>াতপ্রাপ্ত,1,1
অধূরদর্ষিতা,অধূরদর্ষণ,অধূরদর্ষণ,অধূরদর্ষণ,অদূরদর্শিতা,0,0
অফ্সরাবিসেস,অপ্ষরাবিশে,অপ্ষরাবিশে,অপ্ষরাবিশে,অপ্সরাবিশেষ,0,0
অভহেলাপরায়ণ,অবহেলাপরায়,অবহেলাপরায়,অবহেলাপরায়,অবহেলাপরায়ণ,0,0
অস্ত্রত্জাগ,অস্ত্রত্যাগ,অস্ত্রত্যাগ,অস্ত্রত্যাগ,অস্ত্রত্যাগ,1,1
অল্ফশিক্শিত,অল্পশিক্ষ,অল্পশিক্ষ,অল্পশিক্ষ,অল্পশিক্ষিত,0,0
আধেশাণুযায়ী,আদেশানুজায়,আদেশানুজায়,আদেশানুজায়,আদেশানুযায়ী,0,0
অভেক্স্যমাণ,অবেক্ষ্যমা,অবেক্ষ্যমা,অবেক্ষ্যমা,অবেক্ষ্যমাণ,0,0
অনুছ্চশ্ভরে,অনুচ্চস্বরে,অনুচ্চস্বরে,অনুচ্চস্বরে,অনুচ্চস্বরে,1,1
অধ্ঝবসায়ষীল,অদ্যবসায়শী,অদ্যবসায়শী,অদ্যবসায়শী,অধ্যবসায়শীল,0,0
অফরিনতবয়স্ক,অপরিনতবয়সক,অপরিনতবয়সক,অপরিনতবয়সক,অপরিণতবয়স্ক,0,0
আগ্ণেয়গিরির,আগ্নেয়গির,আগ্নেয়গির,আগ্নেয়গির,আগ্নেয়গিরির,0,0
অন্<unk>ঝপ্রাণী,অন্ডজপ্রাণী,অন্ডজপ্রাণী,অন্ডজপ্রাণী,অণ্ডজপ্রাণী,0,0
আভিষ্কারিকা,আবিস্কারিকা,আবিস্কারিকা,আবিস্কারিকা,আবিষ্কারিকা,0,0
আত্মান্বেশণ,আত্মান্বেশন,আত্মান্বেশন,আত্মান্বেশন,আত্মান্বেষণ,0,0
আতঙ্কগ্রশ্ত,আতঙ্কগ্রসত,আতঙ্কগ্রসত,আতঙ্কগ্রসত,আতঙ্কগ্রস্ত,0,0
আমাণ<unk>ল্লাকে,আমান<unk>ল্লাকে,আমান<unk>ল্লাকে,আমান<unk>ল্লাকে,আমান<unk>ল্লাকে,1,1
অঙ্গসংস্থাণ,অঙ্গসংস্ণ,অঙ্গসংস্ণ,অঙ্গসংস্ণ,অঙ্গসংস্থান,0,0
অশ্ত্রভিষয়ক,অস্ত্রবিকী,অস্ত্রবিকী,অস্ত্রবিকী,অস্ত্রবিষয়ক,0,0
অশ্ট্রেলিয়া,অষ্ট্রেলিয়া,অষ্ট্রেলিয়া,অষ্ট্রেলিয়া,অস্ট্রেলিয়া,0,0
অত্জাভশ্যকীয়,অত্যাবস্যকীয়,অত্যাবস্যকীয়,অত্যাবস্যকীয়,অত্যাবশ্যকীয়,0,0
আগ্রহাতিশঝ্ঝ,আগ্রহাতিশ,আগ্রহাতিশ,আগ্রহাতিশ,আগ্রহাতিশয্য,0,0
আণুপূর্ভিকতা,আনুপূর্বকতা,আনুপূর্বকতা,আনুপূর্বকতা,আনুপূর্বিকতা,0,0
আণ্তরিকতাহীন,আন্তরিকতাহী,আন্তরিকতাহী,আন্তরিকতাহী,আন্তরিকতাহীন,0,0
আচারভ্জবহারে,আচারব্যবহে,আচারব্যবহে,আচারব্যবহে,আচারব্যবহারে,0,0
অষ্থিচর্মশার,অস্থিচর্ম্ার,অস্থিচর্ম্ার,অস্থিচর্ম্ার,অস্থিচর্মসার,0,0
অস্পণ্দিতকায়,অশ্পন্দিতকায়,অশ্পন্দিতকায়,অশ্পন্দিতকায়,অস্পন্দিতকায়,0,0
অভিচ্ছিণ্ততা,অবিচ্চিন্তা,অবিচ্চিন্তা,অবিচ্চিন্তা,অবিচ্ছিন্ততা,0,0
অন্ভেষনেচ্চু,অন্বেশনেচ্,অন্বেশনেচ্,অন্বেশনেচ্,অন্বেষণেচ্ছু,0,0
অণ্বেষনজোগ্য,অন্বেশনজোর,অন্বেশনজোর,অন্বেশনজোর,অন্বেষণযোগ্য,0,0
অবশ্থাগ্রশ্ত,অবস্থাগ্র্ত,অবস্থাগ্র্ত,অবস্থাগ্র্ত,অবস্থাগ্রস্ত,0,0
অণ্ত্ঝধ্বণির,অন্ত্যদ্বন,অন্ত্যদ্বন,অন্ত্যদ্বন,অন্ত্যধ্বনির,0,0
অষ্বচ্চন্দতা,অশ্বচ্চন্ধ,অশ্বচ্চন্ধ,অশ্বচ্চন্ধ,অস্বচ্ছন্দতা,0,0
আকৃতিভিষিষ্ট,আকৃতিবিশি,আকৃতিবিশি,আকৃতিবিশি,আকৃতিবিশিষ্ট,0,0
আজ্ঞাফ্রাফ্ত,আজ্ঞাপ্রাপ্ত,আজ্ঞাপ্রাপ্ত,আজ্ঞাপ্রাপ্ত,আজ্ঞাপ্রাপ্ত,1,1
অবলম্বণষূণ্য,অবলম্বনসূন্,অবলম্বনসূন্,অবলম্বনসূন্,অবলম্বনশূন্য,0,0
অপদেভতাভিষেষ,অপদেবতাবিশে,অপদেবতাবিশে,অপদেবতাবিশে,অপদেবতাবিশেষ,0,0
অণুসম্বণ্ধীয়,অনুসম্বন্দীয়,অনুসম্বন্দীয়,অনুসম্বন্দীয়,অনুসম্বন্ধীয়,0,0
অনিমেশনেত্রে,অনিমেশনেত্রে,অনিমেশনেত্রে,অনিমেশনেত্রে,অনিমেষনেত্রে,0,0
আত্মফ্রতারিত,আত্মপ্রতার,আত্মপ্রতার,আত্মপ্রতার,আত্মপ্রতারিত,0,0
অভস্থান্তরিত,অবস্থান্তর,অবস্থান্তর,অবস্থান্তর,অবস্থান্তরিত,0,0
অবিভাধণবিশেষ,অবিবাদনবিশে,অবিবাদনবিশে,অবিবাদনবিশে,অভিবাদনবিশেষ,0,0
অণুমাননির্বর,অনুমাননিরর,অনুমাননিরর,অনুমাননিরর,অনুমাননির্ভর,0,0
অ্যাস্ট্রোণট,অ্যাষ্ট্রো,অ্যাষ্ট্রো,অ্যাষ্ট্রো,অ্যাস্ট্রোনট,0,0
অনতিধূরভর্তী,অনতিদূরবরতী,অনতিদূরবরতী,অনতিদূরবরতী,অনতিদূরবর্তী,0,0
অধিকারভ্রস্ট,অধিকারব্রশ্ট,অধিকারব্রশ্ট,অধিকারব্রশ্ট,অধিকারভ্রষ্ট,0,0
অ্জাসোসিয়েসণ,অ্যাশোশিয়ে,অ্যাশোশিয়ে,অ্যাশোশিয়ে,অ্যাসোসিয়েশন,0,0
অণ্<unk>কোষযুক্ত,অন্ডকোশযুত্,অন্ডকোশযুত্,অন্ডকোশযুত্,অন্ডকোষযুক্ত,0,0
অগ্রভাগঝুক্ত,অগ্রবাগজুত্ত,অগ্রবাগজুত্ত,অগ্রবাগজুত্ত,অগ্রভাগযুক্ত,0,0
অগ্রাদিকারের,অগ্রাদিকারের,অগ্রাদিকারের,অগ্রাদিকারের,অগ্রাধিকারের,0,0
অশ্থিফঞ্জরের,অস্থিপঞ্যরের,অস্থিপঞ্যরের,অস্থিপঞ্যরের,অস্থিপঞ্জরের,0,0
আত্নফ্রকাশের,আত্নপ্রকাশের,আত্নপ্রকাশের,আত্নপ্রকাশের,আত্নপ্রকাশের,1,1
আদ্জভর্ণলোপে,আদ্যবর্ণল,আদ্যবর্ণল,আদ্যবর্ণল,আদ্যবর্ণলোপে,0,0
আধানফ্রদানের,আদানপ্রদাপে,আদানপ্রদাপে,আদানপ্রদাপে,আদানপ্রদানের,0,0
অষ্ভাস্থ্যকর,অশ্বাস্থ্যপ,অশ্বাস্থ্যপ,অশ্বাস্থ্যপ,অস্বাস্থ্যকর,0,0
অন্ধবিষ্বাসী,অন্দবিশ্বে,অন্দবিশ্বে,অন্দবিশ্বে,অন্ধবিশ্বাসী,0,0
অবষ্থায্ঞাপক,অবস্থাজ্ঞাপক,অবস্থাজ্ঞাপক,অবস্থাজ্ঞাপক,অবস্থাজ্ঞাপক,1,1
অন্জায়পূর্ভক,অন্যায়পূর্ক,অন্যায়পূর্ক,অন্যায়পূর্ক,অন্যায়পূর্বক,0,0
অর্থগধ্ণুতায়,অর্থগদ্নুতায়,অর্থগদ্নুতায়,অর্থগদ্নুতায়,অর্থগধ্নুতায়,0,0
অ্ঝাফি<unk>াভিট্,অ্যাপি<unk>াবি,অ্যাপি<unk>াবি,অ্যাপি<unk>াবি,অ্যাফিডাভিট্,0,0
আগ্রহাতিষয়তা,আগ্রহাতিতে,আগ্রহাতিতে,আগ্রহাতিতে,আগ্রহাতিশয়তা,0,0
অপলকদৃশ্টিতে,অপলকদৃষ্ট,অপলকদৃষ্ট,অপলকদৃষ্ট,অপলকদৃষ্টিতে,0,0
অত্যল্ফকালের,অত্যল্পকালের,অত্যল্পকালের,অত্যল্পকালের,অত্যল্পকালের,1,1
অপরিনামদর্সী,অপরিনামদর্ষী,অপরিনামদর্ষী,অপরিনামদর্ষী,অপরিণামদর্শী,0,0
অকুন্ঠছিত্তে,অকুন্ঠচিততে,অকুন্ঠচিততে,অকুন্ঠচিততে,অকুন্ঠচিত্তে,0,0
অধিষ্ঠাণবূমি,অধিষ্ঠানবি,অধিষ্ঠানবি,অধিষ্ঠানবি,অধিষ্ঠানভূমি,0,0
অভয্ঞানুভূতি,অবজ্ঞানুবি,অবজ্ঞানুবি,অবজ্ঞানুবি,অবজ্ঞানুভূতি,0,0
আধিফত্যসূণ্য,আদিপত্যসূন্,আদিপত্যসূন্,আদিপত্যসূন্,আধিপত্যশূন্য,0,0
অণণ্যসম্ভণ্ধ,অনন্যসম্বণ্,অনন্যসম্বণ্,অনন্যসম্বণ্,অনন্যসম্বন্ধ,0,0
অষ্তগমণোদ্যত,অস্তগমনোদত,অস্তগমনোদত,অস্তগমনোদত,অস্তগমনোদ্যত,0,0
অণুপরমাণুসমূহ,অনুপরমানুঙ্য,অনুপরমানুঙ্য,অনুপরমানুঙ্য,অনুপরমাণুসমূহ,0,0
অষ্ভস্তিফূর্ণ,অশ্বস্তিপর্ণ,অশ্বস্তিপর্ণ,অশ্বস্তিপর্ণ,অস্বস্তিপূর্ণ,0,0
অণ্নক্সেত্র্র,অন্নক্ষেত্র,অন্নক্ষেত্র,অন্নক্ষেত্র,অন্নক্ষেত্র্র,0,0
অন্দকারধেখানো,অন্দকারদেই,অন্দকারদেই,অন্দকারদেই,অন্ধকারদেখানো,0,0
অ্যারো<unk><unk>্রোম্,অ্যারো<unk>োম্র,অ্যারো<unk>োম্র,অ্যারো<unk>োম্র,অ্যারোডড্রোম্,0,0
অবিনিবেসজুক্ত,অবিনিবেশযুত,অবিনিবেশযুত,অবিনিবেশযুত,অভিনিবেশযুক্ত,0,0
অষ্ত্রবিদ্ঝায়,অস্ত্রবিদরণ,অস্ত্রবিদরণ,অস্ত্রবিদরণ,অস্ত্রবিদ্যায়,0,0
আত্মদর্ষণকারী,আত্মদর্ষণকারী,আত্মদর্ষণকারী,আত্মদর্ষণকারী,আত্মদর্শনকারী,0,0
আত্মষম্মাণহীন,আত্মসম্মানহী,আত্মসম্মানহী,আত্মসম্মানহী,আত্মসম্মানহীন,0,0
অবিঝ্ঞতাশূন্জ,অবিজ্ঞতাশূন্,অবিজ্ঞতাশূন্,অবিজ্ঞতাশূন্,অভিজ্ঞতাশূন্য,0,0
অনোনুবুতোফুর্,অনোনুবুতোপর,অনোনুবুতোপর,অনোনুবুতোপর,অনোনুভুতোপুর্,0,0
অণুগ্রহদৃশ্টি,অনুগ্রহদৃশি,অনুগ্রহদৃশি,অনুগ্রহদৃশি,অনুগ্রহদৃষ্টি,0,0
অক্লিস্টকর্মা,অক্লিষ্টম্মা,অক্লিষ্টম্মা,অক্লিষ্টম্মা,অক্লিষ্টকর্মা,0,0
অস্থাণকুস্থাণ,অস্থানকুস্থা,অস্থানকুস্থা,অস্থানকুস্থা,অস্থানকুস্থান,0,0
অণস্তিত্ভভাদী,অনস্তিত্ববাচ,অনস্তিত্ববাচ,অনস্তিত্ববাচ,অনস্তিত্ববাদী,0,0
অবিভ্যক্তিবাধ,অবিব্যক্তিবা,অবিব্যক্তিবা,অবিব্যক্তিবা,অভিব্যক্তিবাদ,0,0
অফ্রকৃতিস্থতা,অপ্রকৃতিসতা,অপ্রকৃতিসতা,অপ্রকৃতিসতা,অপ্রকৃতিস্থতা,0,0
অবিদ্ঝারূফিণী,অবিদ্যারূপণী,অবিদ্যারূপণী,অবিদ্যারূপণী,অবিদ্যারূপিণী,0,0
আত্মোধরপূর্তি,আত্মোদরপর্তি,আত্মোদরপর্তি,আত্মোদরপর্তি,আত্মোদরপূর্তি,0,0
আকাঙ্ক্শাকারী,আকাঙ্ক্ষাকারী,আকাঙ্ক্ষাকারী,আকাঙ্ক্ষাকারী,আকাঙ্ক্ষাকারী,1,1
অণভস্থিতচিত্ত,অনবস্থিতচিত,অনবস্থিতচিত,অনবস্থিতচিত,অনবস্থিতচিত্ত,0,0
অবিপ্রায়ঝুক্ত,অবিপ্রায়জক্ত,অবিপ্রায়জক্ত,অবিপ্রায়জক্ত,অভিপ্রায়যুক্ত,0,0
অক্সরয্ঞানহীন,অক্ষরজ্ঞাণহী,অক্ষরজ্ঞাণহী,অক্ষরজ্ঞাণহী,অক্ষরজ্ঞানহীন,0,0
অধ্যাত্মফণ্থি,অদ্যাত্মপন্থি,অদ্যাত্মপন্থি,অদ্যাত্মপন্থি,অধ্যাত্মপন্থি,0,0
অশ্থিতিস্থাফক,অস্থিতিস্রণ,অস্থিতিস্রণ,অস্থিতিস্রণ,অস্থিতিস্থাপক,0,0
অণুজ্ঞাজ্ঞাফক,অনুজ্ঞাজ্ঞাপক,অনুজ্ঞাজ্ঞাপক,অনুজ্ঞাজ্ঞাপক,অনুজ্ঞাজ্ঞাপক,1,1
অনুগ্রহস্ভরূফ,অনুগ্রহস্বপ,অনুগ্রহস্বপ,অনুগ্রহস্বপ,অনুগ্রহস্বরূপ,0,0
আত্মো<unk>ষর্গকারী,আত্মো<unk>শর্গকের,আত্মো<unk>শর্গকের,আত্মো<unk>শর্গকের,আত্মো<unk>সর্গকারী,0,0
আত্মমর্জাদাভোধ,আত্মমর্যাদাব,আত্মমর্যাদাব,আত্মমর্যাদাব,আত্মমর্যাদাবোধ,0,0
অনুভূতিভ্জঞ্জক,অনুবূতিব্যক,অনুবূতিব্যক,অনুবূতিব্যক,অনুভূতিব্যঞ্জক,0,0
অকুণ্ঠিতচিত্তে,অকুন্ঠিতচ,অকুন্ঠিতচ,অকুন্ঠিতচ,অকুন্ঠিতচিত্তে,0,0
অনুগ্রহব্জঞ্জক,অনুগ্রহু্যক,অনুগ্রহু্যক,অনুগ্রহু্যক,অনুগ্রহব্যঞ্জক,0,0
অঙ্গুলিনির্ধেষ,অঙ্গুলিনর্দেশ,অঙ্গুলিনর্দেশ,অঙ্গুলিনর্দেশ,অঙ্গুলিনির্দেশ,0,0
আন্তর্মহাধেশীয়,আন্তর্মহাদয়,আন্তর্মহাদয়,আন্তর্মহাদয়,আন্তর্মহাদেশীয়,0,0
অক্ষুন্নফ্রতাপ,অক্ষুন্নপ্রতাপ,অক্ষুন্নপ্রতাপ,অক্ষুন্নপ্রতাপ,অক্ষুণ্নপ্রতাপ,0,0
অবশ্থাফ্রাপ্তি,অবস্থাপ্রাপ্তি,অবস্থাপ্রাপ্তি,অবস্থাপ্রাপ্তি,অবস্থাপ্রাপ্তি,1,1
অণুসঙ্গভিশিষ্ট,অনুসঙ্গবিষ্ট,অনুসঙ্গবিষ্ট,অনুসঙ্গবিষ্ট,অনুষঙ্গবিশিষ্ট,0,0
অণুভিয্ঞাণীদের,অনুবিজ্ঞানী,অনুবিজ্ঞানী,অনুবিজ্ঞানী,অণুবিজ্ঞানীদের,0,0
অক্ষুব্দছিত্তে,অক্ষুব্দচিতত,অক্ষুব্দচিতত,অক্ষুব্দচিতত,অক্ষুব্ধচিত্তে,0,0
অব্যর্থনাবিষেষ,অব্যর্থনাব,অব্যর্থনাব,অব্যর্থনাব,অভ্যর্থনাবিশেষ,0,0
অনুষন্দানজোগ্য,অনুশন্দানু,অনুশন্দানু,অনুশন্দানু,অনুসন্ধানযোগ্য,0,0
অপ্রোতিকরোণিয়ো,অপ্রোতিকর<unk>িো,অপ্রোতিকর<unk>িো,অপ্রোতিকর<unk>িো,অপ্রোতিকরোনিয়ো,0,0
অবিমৃস্যকারিত্ব,অবিমৃষ্যকারিশ,অবিমৃষ্যকারিশ,অবিমৃষ্যকারিশ,অবিমৃষ্যকারিত্ব,0,0
অশ্ত্রোফচারকারী,অস্ত্রোপ<unk>ারী,অস্ত্রোপ<unk>ারী,অস্ত্রোপ<unk>ারী,অস্ত্রোপচারকারী,0,0
অফ্রত্ঝাশিতবাবে,অপ্রত্যাশিত,অপ্রত্যাশিত,অপ্রত্যাশিত,অপ্রত্যাশিতভাবে,0,0
আত্মহত্ঝাকারিণী,আত্মহত্যাকারণী,আত্মহত্যাকারণী,আত্মহত্যাকারণী,আত্মহত্যাকারিণী,0,0
অব্জাগতপরিছর্যা,অব্যাগতপরিচা,অব্যাগতপরিচা,অব্যাগতপরিচা,অভ্যাগতপরিচর্যা,0,0
অদ্ভ<unk>তভ্রহ্মভাদী,অধ্ব<unk>তব্রদণী,অধ্ব<unk>তব্রদণী,অধ্ব<unk>তব্রদণী,অদ্ব<unk>তব্রহ্মবাদী,0,0
আত্মম্ভরিতাপূর্ন,আত্মম্বরিতার,আত্মম্বরিতার,আত্মম্বরিতার,আত্মম্ভরিতাপূর্ণ,0,0
আত্মনির্ভরকারিনী,আত্মনির্ররকিণী,আত্মনির্ররকিণী,আত্মনির্ররকিণী,আত্মনির্ভরকারিণী,0,0
অস্রদ্দাপূর্ণবাবে,অস্রদ্দাপর্াবে,অস্রদ্দাপর্াবে,অস্রদ্দাপর্াবে,অশ্রদ্ধাপূর্ণভাবে,0,0
অগ্ণিভর্হদিগন্তের,অগ্নিবর্হদ্ত,অগ্নিবর্হদ্ত,অগ্নিবর্হদ্ত,অগ্নিবর্হদিগন্তের,0,0
